USE [WeatherApplication]
GO
/****** Object:  Table [dbo].[cmsContent]    Script Date: 03/09/2020 09:58:06 ******/
SET ANSI_NULLS ON
GO
SET QUOTED_IDENTIFIER ON
GO
CREATE TABLE [dbo].[cmsContent](
	[pk] [int] IDENTITY(1,1) NOT NULL,
	[nodeId] [int] NOT NULL,
	[contentType] [int] NOT NULL,
 CONSTRAINT [PK_cmsContent] PRIMARY KEY CLUSTERED 
(
	[pk] ASC
)WITH (PAD_INDEX = OFF, STATISTICS_NORECOMPUTE = OFF, IGNORE_DUP_KEY = OFF, ALLOW_ROW_LOCKS = ON, ALLOW_PAGE_LOCKS = ON) ON [PRIMARY]
) ON [PRIMARY]
GO
/****** Object:  Table [dbo].[cmsContentType]    Script Date: 03/09/2020 09:58:06 ******/
SET ANSI_NULLS ON
GO
SET QUOTED_IDENTIFIER ON
GO
CREATE TABLE [dbo].[cmsContentType](
	[pk] [int] IDENTITY(1,1) NOT NULL,
	[nodeId] [int] NOT NULL,
	[alias] [nvarchar](255) NULL,
	[icon] [nvarchar](255) NULL,
	[thumbnail] [nvarchar](255) NOT NULL,
	[description] [nvarchar](1500) NULL,
	[isContainer] [bit] NOT NULL,
	[allowAtRoot] [bit] NOT NULL,
 CONSTRAINT [PK_cmsContentType] PRIMARY KEY CLUSTERED 
(
	[pk] ASC
)WITH (PAD_INDEX = OFF, STATISTICS_NORECOMPUTE = OFF, IGNORE_DUP_KEY = OFF, ALLOW_ROW_LOCKS = ON, ALLOW_PAGE_LOCKS = ON) ON [PRIMARY]
) ON [PRIMARY]
GO
/****** Object:  Table [dbo].[cmsContentType2ContentType]    Script Date: 03/09/2020 09:58:06 ******/
SET ANSI_NULLS ON
GO
SET QUOTED_IDENTIFIER ON
GO
CREATE TABLE [dbo].[cmsContentType2ContentType](
	[parentContentTypeId] [int] NOT NULL,
	[childContentTypeId] [int] NOT NULL,
 CONSTRAINT [PK_cmsContentType2ContentType] PRIMARY KEY CLUSTERED 
(
	[parentContentTypeId] ASC,
	[childContentTypeId] ASC
)WITH (PAD_INDEX = OFF, STATISTICS_NORECOMPUTE = OFF, IGNORE_DUP_KEY = OFF, ALLOW_ROW_LOCKS = ON, ALLOW_PAGE_LOCKS = ON) ON [PRIMARY]
) ON [PRIMARY]
GO
/****** Object:  Table [dbo].[cmsContentTypeAllowedContentType]    Script Date: 03/09/2020 09:58:06 ******/
SET ANSI_NULLS ON
GO
SET QUOTED_IDENTIFIER ON
GO
CREATE TABLE [dbo].[cmsContentTypeAllowedContentType](
	[Id] [int] NOT NULL,
	[AllowedId] [int] NOT NULL,
	[SortOrder] [int] NOT NULL,
 CONSTRAINT [PK_cmsContentTypeAllowedContentType] PRIMARY KEY CLUSTERED 
(
	[Id] ASC,
	[AllowedId] ASC
)WITH (PAD_INDEX = OFF, STATISTICS_NORECOMPUTE = OFF, IGNORE_DUP_KEY = OFF, ALLOW_ROW_LOCKS = ON, ALLOW_PAGE_LOCKS = ON) ON [PRIMARY]
) ON [PRIMARY]
GO
/****** Object:  Table [dbo].[cmsContentVersion]    Script Date: 03/09/2020 09:58:06 ******/
SET ANSI_NULLS ON
GO
SET QUOTED_IDENTIFIER ON
GO
CREATE TABLE [dbo].[cmsContentVersion](
	[id] [int] IDENTITY(1,1) NOT NULL,
	[ContentId] [int] NOT NULL,
	[VersionId] [uniqueidentifier] NOT NULL,
	[VersionDate] [datetime] NOT NULL,
 CONSTRAINT [PK_cmsContentVersion] PRIMARY KEY CLUSTERED 
(
	[id] ASC
)WITH (PAD_INDEX = OFF, STATISTICS_NORECOMPUTE = OFF, IGNORE_DUP_KEY = OFF, ALLOW_ROW_LOCKS = ON, ALLOW_PAGE_LOCKS = ON) ON [PRIMARY]
) ON [PRIMARY]
GO
/****** Object:  Table [dbo].[cmsContentXml]    Script Date: 03/09/2020 09:58:06 ******/
SET ANSI_NULLS ON
GO
SET QUOTED_IDENTIFIER ON
GO
CREATE TABLE [dbo].[cmsContentXml](
	[nodeId] [int] NOT NULL,
	[xml] [ntext] NOT NULL,
 CONSTRAINT [PK_cmsContentXml] PRIMARY KEY CLUSTERED 
(
	[nodeId] ASC
)WITH (PAD_INDEX = OFF, STATISTICS_NORECOMPUTE = OFF, IGNORE_DUP_KEY = OFF, ALLOW_ROW_LOCKS = ON, ALLOW_PAGE_LOCKS = ON) ON [PRIMARY]
) ON [PRIMARY] TEXTIMAGE_ON [PRIMARY]
GO
/****** Object:  Table [dbo].[cmsDataType]    Script Date: 03/09/2020 09:58:06 ******/
SET ANSI_NULLS ON
GO
SET QUOTED_IDENTIFIER ON
GO
CREATE TABLE [dbo].[cmsDataType](
	[pk] [int] IDENTITY(1,1) NOT NULL,
	[nodeId] [int] NOT NULL,
	[propertyEditorAlias] [nvarchar](255) NOT NULL,
	[dbType] [nvarchar](50) NOT NULL,
 CONSTRAINT [PK_cmsDataType] PRIMARY KEY CLUSTERED 
(
	[pk] ASC
)WITH (PAD_INDEX = OFF, STATISTICS_NORECOMPUTE = OFF, IGNORE_DUP_KEY = OFF, ALLOW_ROW_LOCKS = ON, ALLOW_PAGE_LOCKS = ON) ON [PRIMARY]
) ON [PRIMARY]
GO
/****** Object:  Table [dbo].[cmsDataTypePreValues]    Script Date: 03/09/2020 09:58:06 ******/
SET ANSI_NULLS ON
GO
SET QUOTED_IDENTIFIER ON
GO
CREATE TABLE [dbo].[cmsDataTypePreValues](
	[id] [int] IDENTITY(1,1) NOT NULL,
	[datatypeNodeId] [int] NOT NULL,
	[value] [ntext] NULL,
	[sortorder] [int] NOT NULL,
	[alias] [nvarchar](50) NULL,
 CONSTRAINT [PK_cmsDataTypePreValues] PRIMARY KEY CLUSTERED 
(
	[id] ASC
)WITH (PAD_INDEX = OFF, STATISTICS_NORECOMPUTE = OFF, IGNORE_DUP_KEY = OFF, ALLOW_ROW_LOCKS = ON, ALLOW_PAGE_LOCKS = ON) ON [PRIMARY]
) ON [PRIMARY] TEXTIMAGE_ON [PRIMARY]
GO
/****** Object:  Table [dbo].[cmsDictionary]    Script Date: 03/09/2020 09:58:06 ******/
SET ANSI_NULLS ON
GO
SET QUOTED_IDENTIFIER ON
GO
CREATE TABLE [dbo].[cmsDictionary](
	[pk] [int] IDENTITY(1,1) NOT NULL,
	[id] [uniqueidentifier] NOT NULL,
	[parent] [uniqueidentifier] NULL,
	[key] [nvarchar](450) NOT NULL,
 CONSTRAINT [PK_cmsDictionary] PRIMARY KEY CLUSTERED 
(
	[pk] ASC
)WITH (PAD_INDEX = OFF, STATISTICS_NORECOMPUTE = OFF, IGNORE_DUP_KEY = OFF, ALLOW_ROW_LOCKS = ON, ALLOW_PAGE_LOCKS = ON) ON [PRIMARY]
) ON [PRIMARY]
GO
/****** Object:  Table [dbo].[cmsDocument]    Script Date: 03/09/2020 09:58:06 ******/
SET ANSI_NULLS ON
GO
SET QUOTED_IDENTIFIER ON
GO
CREATE TABLE [dbo].[cmsDocument](
	[nodeId] [int] NOT NULL,
	[published] [bit] NOT NULL,
	[documentUser] [int] NOT NULL,
	[versionId] [uniqueidentifier] NOT NULL,
	[text] [nvarchar](255) NOT NULL,
	[releaseDate] [datetime] NULL,
	[expireDate] [datetime] NULL,
	[updateDate] [datetime] NOT NULL,
	[templateId] [int] NULL,
	[newest] [bit] NOT NULL,
 CONSTRAINT [PK_cmsDocument] PRIMARY KEY CLUSTERED 
(
	[versionId] ASC
)WITH (PAD_INDEX = OFF, STATISTICS_NORECOMPUTE = OFF, IGNORE_DUP_KEY = OFF, ALLOW_ROW_LOCKS = ON, ALLOW_PAGE_LOCKS = ON) ON [PRIMARY]
) ON [PRIMARY]
GO
/****** Object:  Table [dbo].[cmsDocumentType]    Script Date: 03/09/2020 09:58:06 ******/
SET ANSI_NULLS ON
GO
SET QUOTED_IDENTIFIER ON
GO
CREATE TABLE [dbo].[cmsDocumentType](
	[contentTypeNodeId] [int] NOT NULL,
	[templateNodeId] [int] NOT NULL,
	[IsDefault] [bit] NOT NULL,
 CONSTRAINT [PK_cmsDocumentType] PRIMARY KEY CLUSTERED 
(
	[contentTypeNodeId] ASC,
	[templateNodeId] ASC
)WITH (PAD_INDEX = OFF, STATISTICS_NORECOMPUTE = OFF, IGNORE_DUP_KEY = OFF, ALLOW_ROW_LOCKS = ON, ALLOW_PAGE_LOCKS = ON) ON [PRIMARY]
) ON [PRIMARY]
GO
/****** Object:  Table [dbo].[cmsLanguageText]    Script Date: 03/09/2020 09:58:06 ******/
SET ANSI_NULLS ON
GO
SET QUOTED_IDENTIFIER ON
GO
CREATE TABLE [dbo].[cmsLanguageText](
	[pk] [int] IDENTITY(1,1) NOT NULL,
	[languageId] [int] NOT NULL,
	[UniqueId] [uniqueidentifier] NOT NULL,
	[value] [nvarchar](1000) NOT NULL,
 CONSTRAINT [PK_cmsLanguageText] PRIMARY KEY CLUSTERED 
(
	[pk] ASC
)WITH (PAD_INDEX = OFF, STATISTICS_NORECOMPUTE = OFF, IGNORE_DUP_KEY = OFF, ALLOW_ROW_LOCKS = ON, ALLOW_PAGE_LOCKS = ON) ON [PRIMARY]
) ON [PRIMARY]
GO
/****** Object:  Table [dbo].[cmsMacro]    Script Date: 03/09/2020 09:58:06 ******/
SET ANSI_NULLS ON
GO
SET QUOTED_IDENTIFIER ON
GO
CREATE TABLE [dbo].[cmsMacro](
	[id] [int] IDENTITY(1,1) NOT NULL,
	[uniqueId] [uniqueidentifier] NOT NULL,
	[macroUseInEditor] [bit] NOT NULL,
	[macroRefreshRate] [int] NOT NULL,
	[macroAlias] [nvarchar](255) NOT NULL,
	[macroName] [nvarchar](255) NULL,
	[macroScriptType] [nvarchar](255) NULL,
	[macroScriptAssembly] [nvarchar](255) NULL,
	[macroXSLT] [nvarchar](255) NULL,
	[macroCacheByPage] [bit] NOT NULL,
	[macroCachePersonalized] [bit] NOT NULL,
	[macroDontRender] [bit] NOT NULL,
	[macroPython] [nvarchar](255) NULL,
 CONSTRAINT [PK_cmsMacro] PRIMARY KEY CLUSTERED 
(
	[id] ASC
)WITH (PAD_INDEX = OFF, STATISTICS_NORECOMPUTE = OFF, IGNORE_DUP_KEY = OFF, ALLOW_ROW_LOCKS = ON, ALLOW_PAGE_LOCKS = ON) ON [PRIMARY]
) ON [PRIMARY]
GO
/****** Object:  Table [dbo].[cmsMacroProperty]    Script Date: 03/09/2020 09:58:06 ******/
SET ANSI_NULLS ON
GO
SET QUOTED_IDENTIFIER ON
GO
CREATE TABLE [dbo].[cmsMacroProperty](
	[id] [int] IDENTITY(1,1) NOT NULL,
	[uniquePropertyId] [uniqueidentifier] NOT NULL,
	[editorAlias] [nvarchar](255) NOT NULL,
	[macro] [int] NOT NULL,
	[macroPropertySortOrder] [int] NOT NULL,
	[macroPropertyAlias] [nvarchar](50) NOT NULL,
	[macroPropertyName] [nvarchar](255) NOT NULL,
 CONSTRAINT [PK_cmsMacroProperty] PRIMARY KEY CLUSTERED 
(
	[id] ASC
)WITH (PAD_INDEX = OFF, STATISTICS_NORECOMPUTE = OFF, IGNORE_DUP_KEY = OFF, ALLOW_ROW_LOCKS = ON, ALLOW_PAGE_LOCKS = ON) ON [PRIMARY]
) ON [PRIMARY]
GO
/****** Object:  Table [dbo].[cmsMedia]    Script Date: 03/09/2020 09:58:06 ******/
SET ANSI_NULLS ON
GO
SET QUOTED_IDENTIFIER ON
GO
CREATE TABLE [dbo].[cmsMedia](
	[nodeId] [int] NOT NULL,
	[versionId] [uniqueidentifier] NOT NULL,
	[mediaPath] [nvarchar](255) NULL,
 CONSTRAINT [PK_cmsMedia] PRIMARY KEY CLUSTERED 
(
	[versionId] ASC
)WITH (PAD_INDEX = OFF, STATISTICS_NORECOMPUTE = OFF, IGNORE_DUP_KEY = OFF, ALLOW_ROW_LOCKS = ON, ALLOW_PAGE_LOCKS = ON) ON [PRIMARY]
) ON [PRIMARY]
GO
/****** Object:  Table [dbo].[cmsMember]    Script Date: 03/09/2020 09:58:06 ******/
SET ANSI_NULLS ON
GO
SET QUOTED_IDENTIFIER ON
GO
CREATE TABLE [dbo].[cmsMember](
	[nodeId] [int] NOT NULL,
	[Email] [nvarchar](1000) NOT NULL,
	[LoginName] [nvarchar](1000) NOT NULL,
	[Password] [nvarchar](1000) NOT NULL,
 CONSTRAINT [PK_cmsMember] PRIMARY KEY CLUSTERED 
(
	[nodeId] ASC
)WITH (PAD_INDEX = OFF, STATISTICS_NORECOMPUTE = OFF, IGNORE_DUP_KEY = OFF, ALLOW_ROW_LOCKS = ON, ALLOW_PAGE_LOCKS = ON) ON [PRIMARY]
) ON [PRIMARY]
GO
/****** Object:  Table [dbo].[cmsMember2MemberGroup]    Script Date: 03/09/2020 09:58:06 ******/
SET ANSI_NULLS ON
GO
SET QUOTED_IDENTIFIER ON
GO
CREATE TABLE [dbo].[cmsMember2MemberGroup](
	[Member] [int] NOT NULL,
	[MemberGroup] [int] NOT NULL,
 CONSTRAINT [PK_cmsMember2MemberGroup] PRIMARY KEY CLUSTERED 
(
	[Member] ASC,
	[MemberGroup] ASC
)WITH (PAD_INDEX = OFF, STATISTICS_NORECOMPUTE = OFF, IGNORE_DUP_KEY = OFF, ALLOW_ROW_LOCKS = ON, ALLOW_PAGE_LOCKS = ON) ON [PRIMARY]
) ON [PRIMARY]
GO
/****** Object:  Table [dbo].[cmsMemberType]    Script Date: 03/09/2020 09:58:06 ******/
SET ANSI_NULLS ON
GO
SET QUOTED_IDENTIFIER ON
GO
CREATE TABLE [dbo].[cmsMemberType](
	[pk] [int] IDENTITY(1,1) NOT NULL,
	[NodeId] [int] NOT NULL,
	[propertytypeId] [int] NOT NULL,
	[memberCanEdit] [bit] NOT NULL,
	[viewOnProfile] [bit] NOT NULL,
	[isSensitive] [bit] NOT NULL,
 CONSTRAINT [PK_cmsMemberType] PRIMARY KEY CLUSTERED 
(
	[pk] ASC
)WITH (PAD_INDEX = OFF, STATISTICS_NORECOMPUTE = OFF, IGNORE_DUP_KEY = OFF, ALLOW_ROW_LOCKS = ON, ALLOW_PAGE_LOCKS = ON) ON [PRIMARY]
) ON [PRIMARY]
GO
/****** Object:  Table [dbo].[cmsPreviewXml]    Script Date: 03/09/2020 09:58:06 ******/
SET ANSI_NULLS ON
GO
SET QUOTED_IDENTIFIER ON
GO
CREATE TABLE [dbo].[cmsPreviewXml](
	[nodeId] [int] NOT NULL,
	[versionId] [uniqueidentifier] NOT NULL,
	[timestamp] [datetime] NOT NULL,
	[xml] [ntext] NOT NULL,
 CONSTRAINT [PK_cmsContentPreviewXml] PRIMARY KEY CLUSTERED 
(
	[nodeId] ASC,
	[versionId] ASC
)WITH (PAD_INDEX = OFF, STATISTICS_NORECOMPUTE = OFF, IGNORE_DUP_KEY = OFF, ALLOW_ROW_LOCKS = ON, ALLOW_PAGE_LOCKS = ON) ON [PRIMARY]
) ON [PRIMARY] TEXTIMAGE_ON [PRIMARY]
GO
/****** Object:  Table [dbo].[cmsPropertyData]    Script Date: 03/09/2020 09:58:06 ******/
SET ANSI_NULLS ON
GO
SET QUOTED_IDENTIFIER ON
GO
CREATE TABLE [dbo].[cmsPropertyData](
	[id] [int] IDENTITY(1,1) NOT NULL,
	[contentNodeId] [int] NOT NULL,
	[versionId] [uniqueidentifier] NULL,
	[propertytypeid] [int] NOT NULL,
	[dataInt] [int] NULL,
	[dataDecimal] [decimal](38, 6) NULL,
	[dataDate] [datetime] NULL,
	[dataNvarchar] [nvarchar](500) NULL,
	[dataNtext] [ntext] NULL,
 CONSTRAINT [PK_cmsPropertyData] PRIMARY KEY CLUSTERED 
(
	[id] ASC
)WITH (PAD_INDEX = OFF, STATISTICS_NORECOMPUTE = OFF, IGNORE_DUP_KEY = OFF, ALLOW_ROW_LOCKS = ON, ALLOW_PAGE_LOCKS = ON) ON [PRIMARY]
) ON [PRIMARY] TEXTIMAGE_ON [PRIMARY]
GO
/****** Object:  Table [dbo].[cmsPropertyType]    Script Date: 03/09/2020 09:58:06 ******/
SET ANSI_NULLS ON
GO
SET QUOTED_IDENTIFIER ON
GO
CREATE TABLE [dbo].[cmsPropertyType](
	[id] [int] IDENTITY(1,1) NOT NULL,
	[dataTypeId] [int] NOT NULL,
	[contentTypeId] [int] NOT NULL,
	[propertyTypeGroupId] [int] NULL,
	[Alias] [nvarchar](255) NOT NULL,
	[Name] [nvarchar](255) NULL,
	[sortOrder] [int] NOT NULL,
	[mandatory] [bit] NOT NULL,
	[validationRegExp] [nvarchar](255) NULL,
	[Description] [nvarchar](2000) NULL,
	[UniqueID] [uniqueidentifier] NOT NULL,
 CONSTRAINT [PK_cmsPropertyType] PRIMARY KEY CLUSTERED 
(
	[id] ASC
)WITH (PAD_INDEX = OFF, STATISTICS_NORECOMPUTE = OFF, IGNORE_DUP_KEY = OFF, ALLOW_ROW_LOCKS = ON, ALLOW_PAGE_LOCKS = ON) ON [PRIMARY]
) ON [PRIMARY]
GO
/****** Object:  Table [dbo].[cmsPropertyTypeGroup]    Script Date: 03/09/2020 09:58:06 ******/
SET ANSI_NULLS ON
GO
SET QUOTED_IDENTIFIER ON
GO
CREATE TABLE [dbo].[cmsPropertyTypeGroup](
	[id] [int] IDENTITY(1,1) NOT NULL,
	[contenttypeNodeId] [int] NOT NULL,
	[text] [nvarchar](255) NOT NULL,
	[sortorder] [int] NOT NULL,
	[uniqueID] [uniqueidentifier] NOT NULL,
 CONSTRAINT [PK_cmsPropertyTypeGroup] PRIMARY KEY CLUSTERED 
(
	[id] ASC
)WITH (PAD_INDEX = OFF, STATISTICS_NORECOMPUTE = OFF, IGNORE_DUP_KEY = OFF, ALLOW_ROW_LOCKS = ON, ALLOW_PAGE_LOCKS = ON) ON [PRIMARY]
) ON [PRIMARY]
GO
/****** Object:  Table [dbo].[cmsTagRelationship]    Script Date: 03/09/2020 09:58:06 ******/
SET ANSI_NULLS ON
GO
SET QUOTED_IDENTIFIER ON
GO
CREATE TABLE [dbo].[cmsTagRelationship](
	[nodeId] [int] NOT NULL,
	[tagId] [int] NOT NULL,
	[propertyTypeId] [int] NOT NULL,
 CONSTRAINT [PK_cmsTagRelationship] PRIMARY KEY CLUSTERED 
(
	[nodeId] ASC,
	[propertyTypeId] ASC,
	[tagId] ASC
)WITH (PAD_INDEX = OFF, STATISTICS_NORECOMPUTE = OFF, IGNORE_DUP_KEY = OFF, ALLOW_ROW_LOCKS = ON, ALLOW_PAGE_LOCKS = ON) ON [PRIMARY]
) ON [PRIMARY]
GO
/****** Object:  Table [dbo].[cmsTags]    Script Date: 03/09/2020 09:58:06 ******/
SET ANSI_NULLS ON
GO
SET QUOTED_IDENTIFIER ON
GO
CREATE TABLE [dbo].[cmsTags](
	[id] [int] IDENTITY(1,1) NOT NULL,
	[tag] [nvarchar](200) NULL,
	[ParentId] [int] NULL,
	[group] [nvarchar](100) NULL,
 CONSTRAINT [PK_cmsTags] PRIMARY KEY CLUSTERED 
(
	[id] ASC
)WITH (PAD_INDEX = OFF, STATISTICS_NORECOMPUTE = OFF, IGNORE_DUP_KEY = OFF, ALLOW_ROW_LOCKS = ON, ALLOW_PAGE_LOCKS = ON) ON [PRIMARY]
) ON [PRIMARY]
GO
/****** Object:  Table [dbo].[cmsTask]    Script Date: 03/09/2020 09:58:06 ******/
SET ANSI_NULLS ON
GO
SET QUOTED_IDENTIFIER ON
GO
CREATE TABLE [dbo].[cmsTask](
	[closed] [bit] NOT NULL,
	[id] [int] IDENTITY(1,1) NOT NULL,
	[taskTypeId] [int] NOT NULL,
	[nodeId] [int] NOT NULL,
	[parentUserId] [int] NOT NULL,
	[userId] [int] NOT NULL,
	[DateTime] [datetime] NOT NULL,
	[Comment] [nvarchar](500) NULL,
 CONSTRAINT [PK_cmsTask] PRIMARY KEY CLUSTERED 
(
	[id] ASC
)WITH (PAD_INDEX = OFF, STATISTICS_NORECOMPUTE = OFF, IGNORE_DUP_KEY = OFF, ALLOW_ROW_LOCKS = ON, ALLOW_PAGE_LOCKS = ON) ON [PRIMARY]
) ON [PRIMARY]
GO
/****** Object:  Table [dbo].[cmsTaskType]    Script Date: 03/09/2020 09:58:06 ******/
SET ANSI_NULLS ON
GO
SET QUOTED_IDENTIFIER ON
GO
CREATE TABLE [dbo].[cmsTaskType](
	[id] [int] IDENTITY(1,1) NOT NULL,
	[alias] [nvarchar](255) NOT NULL,
 CONSTRAINT [PK_cmsTaskType] PRIMARY KEY CLUSTERED 
(
	[id] ASC
)WITH (PAD_INDEX = OFF, STATISTICS_NORECOMPUTE = OFF, IGNORE_DUP_KEY = OFF, ALLOW_ROW_LOCKS = ON, ALLOW_PAGE_LOCKS = ON) ON [PRIMARY]
) ON [PRIMARY]
GO
/****** Object:  Table [dbo].[cmsTemplate]    Script Date: 03/09/2020 09:58:06 ******/
SET ANSI_NULLS ON
GO
SET QUOTED_IDENTIFIER ON
GO
CREATE TABLE [dbo].[cmsTemplate](
	[pk] [int] IDENTITY(1,1) NOT NULL,
	[nodeId] [int] NOT NULL,
	[alias] [nvarchar](100) NULL,
	[design] [ntext] NOT NULL,
 CONSTRAINT [PK_cmsTemplate] PRIMARY KEY CLUSTERED 
(
	[pk] ASC
)WITH (PAD_INDEX = OFF, STATISTICS_NORECOMPUTE = OFF, IGNORE_DUP_KEY = OFF, ALLOW_ROW_LOCKS = ON, ALLOW_PAGE_LOCKS = ON) ON [PRIMARY]
) ON [PRIMARY] TEXTIMAGE_ON [PRIMARY]
GO
/****** Object:  Table [dbo].[umbracoAccess]    Script Date: 03/09/2020 09:58:06 ******/
SET ANSI_NULLS ON
GO
SET QUOTED_IDENTIFIER ON
GO
CREATE TABLE [dbo].[umbracoAccess](
	[id] [uniqueidentifier] NOT NULL,
	[nodeId] [int] NOT NULL,
	[loginNodeId] [int] NOT NULL,
	[noAccessNodeId] [int] NOT NULL,
	[createDate] [datetime] NOT NULL,
	[updateDate] [datetime] NOT NULL,
 CONSTRAINT [PK_umbracoAccess] PRIMARY KEY CLUSTERED 
(
	[id] ASC
)WITH (PAD_INDEX = OFF, STATISTICS_NORECOMPUTE = OFF, IGNORE_DUP_KEY = OFF, ALLOW_ROW_LOCKS = ON, ALLOW_PAGE_LOCKS = ON) ON [PRIMARY]
) ON [PRIMARY]
GO
/****** Object:  Table [dbo].[umbracoAccessRule]    Script Date: 03/09/2020 09:58:06 ******/
SET ANSI_NULLS ON
GO
SET QUOTED_IDENTIFIER ON
GO
CREATE TABLE [dbo].[umbracoAccessRule](
	[id] [uniqueidentifier] NOT NULL,
	[accessId] [uniqueidentifier] NOT NULL,
	[ruleValue] [nvarchar](255) NOT NULL,
	[ruleType] [nvarchar](255) NOT NULL,
	[createDate] [datetime] NOT NULL,
	[updateDate] [datetime] NOT NULL,
 CONSTRAINT [PK_umbracoAccessRule] PRIMARY KEY CLUSTERED 
(
	[id] ASC
)WITH (PAD_INDEX = OFF, STATISTICS_NORECOMPUTE = OFF, IGNORE_DUP_KEY = OFF, ALLOW_ROW_LOCKS = ON, ALLOW_PAGE_LOCKS = ON) ON [PRIMARY]
) ON [PRIMARY]
GO
/****** Object:  Table [dbo].[umbracoAudit]    Script Date: 03/09/2020 09:58:06 ******/
SET ANSI_NULLS ON
GO
SET QUOTED_IDENTIFIER ON
GO
CREATE TABLE [dbo].[umbracoAudit](
	[id] [int] IDENTITY(1,1) NOT NULL,
	[performingUserId] [int] NOT NULL,
	[performingDetails] [nvarchar](1024) NULL,
	[performingIp] [nvarchar](64) NULL,
	[eventDateUtc] [datetime] NOT NULL,
	[affectedUserId] [int] NOT NULL,
	[affectedDetails] [nvarchar](1024) NULL,
	[eventType] [nvarchar](256) NOT NULL,
	[eventDetails] [nvarchar](1024) NULL,
 CONSTRAINT [PK_umbracoAudit] PRIMARY KEY CLUSTERED 
(
	[id] ASC
)WITH (PAD_INDEX = OFF, STATISTICS_NORECOMPUTE = OFF, IGNORE_DUP_KEY = OFF, ALLOW_ROW_LOCKS = ON, ALLOW_PAGE_LOCKS = ON) ON [PRIMARY]
) ON [PRIMARY]
GO
/****** Object:  Table [dbo].[umbracoCacheInstruction]    Script Date: 03/09/2020 09:58:06 ******/
SET ANSI_NULLS ON
GO
SET QUOTED_IDENTIFIER ON
GO
CREATE TABLE [dbo].[umbracoCacheInstruction](
	[id] [int] IDENTITY(1,1) NOT NULL,
	[utcStamp] [datetime] NOT NULL,
	[jsonInstruction] [ntext] NOT NULL,
	[originated] [nvarchar](500) NOT NULL,
	[instructionCount] [int] NOT NULL,
 CONSTRAINT [PK_umbracoCacheInstruction] PRIMARY KEY CLUSTERED 
(
	[id] ASC
)WITH (PAD_INDEX = OFF, STATISTICS_NORECOMPUTE = OFF, IGNORE_DUP_KEY = OFF, ALLOW_ROW_LOCKS = ON, ALLOW_PAGE_LOCKS = ON) ON [PRIMARY]
) ON [PRIMARY] TEXTIMAGE_ON [PRIMARY]
GO
/****** Object:  Table [dbo].[umbracoConsent]    Script Date: 03/09/2020 09:58:06 ******/
SET ANSI_NULLS ON
GO
SET QUOTED_IDENTIFIER ON
GO
CREATE TABLE [dbo].[umbracoConsent](
	[id] [int] IDENTITY(1,1) NOT NULL,
	[current] [bit] NOT NULL,
	[source] [nvarchar](512) NOT NULL,
	[context] [nvarchar](128) NOT NULL,
	[action] [nvarchar](512) NOT NULL,
	[createDate] [datetime] NOT NULL,
	[state] [int] NOT NULL,
	[comment] [nvarchar](255) NULL,
 CONSTRAINT [PK_umbracoConsent] PRIMARY KEY CLUSTERED 
(
	[id] ASC
)WITH (PAD_INDEX = OFF, STATISTICS_NORECOMPUTE = OFF, IGNORE_DUP_KEY = OFF, ALLOW_ROW_LOCKS = ON, ALLOW_PAGE_LOCKS = ON) ON [PRIMARY]
) ON [PRIMARY]
GO
/****** Object:  Table [dbo].[umbracoDomains]    Script Date: 03/09/2020 09:58:06 ******/
SET ANSI_NULLS ON
GO
SET QUOTED_IDENTIFIER ON
GO
CREATE TABLE [dbo].[umbracoDomains](
	[id] [int] IDENTITY(1,1) NOT NULL,
	[domainDefaultLanguage] [int] NULL,
	[domainRootStructureID] [int] NULL,
	[domainName] [nvarchar](255) NOT NULL,
 CONSTRAINT [PK_umbracoDomains] PRIMARY KEY CLUSTERED 
(
	[id] ASC
)WITH (PAD_INDEX = OFF, STATISTICS_NORECOMPUTE = OFF, IGNORE_DUP_KEY = OFF, ALLOW_ROW_LOCKS = ON, ALLOW_PAGE_LOCKS = ON) ON [PRIMARY]
) ON [PRIMARY]
GO
/****** Object:  Table [dbo].[umbracoExternalLogin]    Script Date: 03/09/2020 09:58:06 ******/
SET ANSI_NULLS ON
GO
SET QUOTED_IDENTIFIER ON
GO
CREATE TABLE [dbo].[umbracoExternalLogin](
	[id] [int] IDENTITY(1,1) NOT NULL,
	[userId] [int] NOT NULL,
	[loginProvider] [nvarchar](4000) NOT NULL,
	[providerKey] [nvarchar](4000) NOT NULL,
	[createDate] [datetime] NOT NULL,
 CONSTRAINT [PK_umbracoExternalLogin] PRIMARY KEY CLUSTERED 
(
	[id] ASC
)WITH (PAD_INDEX = OFF, STATISTICS_NORECOMPUTE = OFF, IGNORE_DUP_KEY = OFF, ALLOW_ROW_LOCKS = ON, ALLOW_PAGE_LOCKS = ON) ON [PRIMARY]
) ON [PRIMARY]
GO
/****** Object:  Table [dbo].[umbracoLanguage]    Script Date: 03/09/2020 09:58:06 ******/
SET ANSI_NULLS ON
GO
SET QUOTED_IDENTIFIER ON
GO
CREATE TABLE [dbo].[umbracoLanguage](
	[id] [int] IDENTITY(1,1) NOT NULL,
	[languageISOCode] [nvarchar](14) NULL,
	[languageCultureName] [nvarchar](100) NULL,
 CONSTRAINT [PK_umbracoLanguage] PRIMARY KEY CLUSTERED 
(
	[id] ASC
)WITH (PAD_INDEX = OFF, STATISTICS_NORECOMPUTE = OFF, IGNORE_DUP_KEY = OFF, ALLOW_ROW_LOCKS = ON, ALLOW_PAGE_LOCKS = ON) ON [PRIMARY]
) ON [PRIMARY]
GO
/****** Object:  Table [dbo].[umbracoLock]    Script Date: 03/09/2020 09:58:06 ******/
SET ANSI_NULLS ON
GO
SET QUOTED_IDENTIFIER ON
GO
CREATE TABLE [dbo].[umbracoLock](
	[id] [int] IDENTITY(1,1) NOT NULL,
	[value] [int] NOT NULL,
	[name] [nvarchar](64) NOT NULL,
 CONSTRAINT [PK_umbracoLock] PRIMARY KEY CLUSTERED 
(
	[id] ASC
)WITH (PAD_INDEX = OFF, STATISTICS_NORECOMPUTE = OFF, IGNORE_DUP_KEY = OFF, ALLOW_ROW_LOCKS = ON, ALLOW_PAGE_LOCKS = ON) ON [PRIMARY]
) ON [PRIMARY]
GO
/****** Object:  Table [dbo].[umbracoLog]    Script Date: 03/09/2020 09:58:06 ******/
SET ANSI_NULLS ON
GO
SET QUOTED_IDENTIFIER ON
GO
CREATE TABLE [dbo].[umbracoLog](
	[id] [int] IDENTITY(1,1) NOT NULL,
	[userId] [int] NOT NULL,
	[NodeId] [int] NOT NULL,
	[Datestamp] [datetime] NOT NULL,
	[logHeader] [nvarchar](50) NOT NULL,
	[logComment] [nvarchar](4000) NULL,
 CONSTRAINT [PK_umbracoLog] PRIMARY KEY CLUSTERED 
(
	[id] ASC
)WITH (PAD_INDEX = OFF, STATISTICS_NORECOMPUTE = OFF, IGNORE_DUP_KEY = OFF, ALLOW_ROW_LOCKS = ON, ALLOW_PAGE_LOCKS = ON) ON [PRIMARY]
) ON [PRIMARY]
GO
/****** Object:  Table [dbo].[umbracoMigration]    Script Date: 03/09/2020 09:58:06 ******/
SET ANSI_NULLS ON
GO
SET QUOTED_IDENTIFIER ON
GO
CREATE TABLE [dbo].[umbracoMigration](
	[id] [int] IDENTITY(1,1) NOT NULL,
	[name] [nvarchar](255) NOT NULL,
	[createDate] [datetime] NOT NULL,
	[version] [nvarchar](50) NOT NULL,
 CONSTRAINT [PK_umbracoMigration] PRIMARY KEY CLUSTERED 
(
	[id] ASC
)WITH (PAD_INDEX = OFF, STATISTICS_NORECOMPUTE = OFF, IGNORE_DUP_KEY = OFF, ALLOW_ROW_LOCKS = ON, ALLOW_PAGE_LOCKS = ON) ON [PRIMARY]
) ON [PRIMARY]
GO
/****** Object:  Table [dbo].[umbracoNode]    Script Date: 03/09/2020 09:58:06 ******/
SET ANSI_NULLS ON
GO
SET QUOTED_IDENTIFIER ON
GO
CREATE TABLE [dbo].[umbracoNode](
	[id] [int] IDENTITY(1,1) NOT NULL,
	[trashed] [bit] NOT NULL,
	[parentID] [int] NOT NULL,
	[nodeUser] [int] NULL,
	[level] [int] NOT NULL,
	[path] [nvarchar](150) NOT NULL,
	[sortOrder] [int] NOT NULL,
	[uniqueID] [uniqueidentifier] NOT NULL,
	[text] [nvarchar](255) NULL,
	[nodeObjectType] [uniqueidentifier] NULL,
	[createDate] [datetime] NOT NULL,
 CONSTRAINT [PK_structure] PRIMARY KEY CLUSTERED 
(
	[id] ASC
)WITH (PAD_INDEX = OFF, STATISTICS_NORECOMPUTE = OFF, IGNORE_DUP_KEY = OFF, ALLOW_ROW_LOCKS = ON, ALLOW_PAGE_LOCKS = ON) ON [PRIMARY]
) ON [PRIMARY]
GO
/****** Object:  Table [dbo].[umbracoRedirectUrl]    Script Date: 03/09/2020 09:58:06 ******/
SET ANSI_NULLS ON
GO
SET QUOTED_IDENTIFIER ON
GO
CREATE TABLE [dbo].[umbracoRedirectUrl](
	[id] [uniqueidentifier] NOT NULL,
	[contentKey] [uniqueidentifier] NOT NULL,
	[createDateUtc] [datetime] NOT NULL,
	[url] [nvarchar](255) NOT NULL,
	[urlHash] [nvarchar](40) NOT NULL,
 CONSTRAINT [PK_umbracoRedirectUrl] PRIMARY KEY CLUSTERED 
(
	[id] ASC
)WITH (PAD_INDEX = OFF, STATISTICS_NORECOMPUTE = OFF, IGNORE_DUP_KEY = OFF, ALLOW_ROW_LOCKS = ON, ALLOW_PAGE_LOCKS = ON) ON [PRIMARY]
) ON [PRIMARY]
GO
/****** Object:  Table [dbo].[umbracoRelation]    Script Date: 03/09/2020 09:58:06 ******/
SET ANSI_NULLS ON
GO
SET QUOTED_IDENTIFIER ON
GO
CREATE TABLE [dbo].[umbracoRelation](
	[id] [int] IDENTITY(1,1) NOT NULL,
	[parentId] [int] NOT NULL,
	[childId] [int] NOT NULL,
	[relType] [int] NOT NULL,
	[datetime] [datetime] NOT NULL,
	[comment] [nvarchar](1000) NOT NULL,
 CONSTRAINT [PK_umbracoRelation] PRIMARY KEY CLUSTERED 
(
	[id] ASC
)WITH (PAD_INDEX = OFF, STATISTICS_NORECOMPUTE = OFF, IGNORE_DUP_KEY = OFF, ALLOW_ROW_LOCKS = ON, ALLOW_PAGE_LOCKS = ON) ON [PRIMARY]
) ON [PRIMARY]
GO
/****** Object:  Table [dbo].[umbracoRelationType]    Script Date: 03/09/2020 09:58:06 ******/
SET ANSI_NULLS ON
GO
SET QUOTED_IDENTIFIER ON
GO
CREATE TABLE [dbo].[umbracoRelationType](
	[id] [int] IDENTITY(1,1) NOT NULL,
	[typeUniqueId] [uniqueidentifier] NOT NULL,
	[dual] [bit] NOT NULL,
	[parentObjectType] [uniqueidentifier] NOT NULL,
	[childObjectType] [uniqueidentifier] NOT NULL,
	[name] [nvarchar](255) NOT NULL,
	[alias] [nvarchar](100) NULL,
 CONSTRAINT [PK_umbracoRelationType] PRIMARY KEY CLUSTERED 
(
	[id] ASC
)WITH (PAD_INDEX = OFF, STATISTICS_NORECOMPUTE = OFF, IGNORE_DUP_KEY = OFF, ALLOW_ROW_LOCKS = ON, ALLOW_PAGE_LOCKS = ON) ON [PRIMARY]
) ON [PRIMARY]
GO
/****** Object:  Table [dbo].[umbracoServer]    Script Date: 03/09/2020 09:58:06 ******/
SET ANSI_NULLS ON
GO
SET QUOTED_IDENTIFIER ON
GO
CREATE TABLE [dbo].[umbracoServer](
	[id] [int] IDENTITY(1,1) NOT NULL,
	[address] [nvarchar](500) NOT NULL,
	[computerName] [nvarchar](255) NOT NULL,
	[registeredDate] [datetime] NOT NULL,
	[lastNotifiedDate] [datetime] NOT NULL,
	[isActive] [bit] NOT NULL,
	[isMaster] [bit] NOT NULL,
 CONSTRAINT [PK_umbracoServer] PRIMARY KEY CLUSTERED 
(
	[id] ASC
)WITH (PAD_INDEX = OFF, STATISTICS_NORECOMPUTE = OFF, IGNORE_DUP_KEY = OFF, ALLOW_ROW_LOCKS = ON, ALLOW_PAGE_LOCKS = ON) ON [PRIMARY]
) ON [PRIMARY]
GO
/****** Object:  Table [dbo].[umbracoUser]    Script Date: 03/09/2020 09:58:06 ******/
SET ANSI_NULLS ON
GO
SET QUOTED_IDENTIFIER ON
GO
CREATE TABLE [dbo].[umbracoUser](
	[id] [int] IDENTITY(1,1) NOT NULL,
	[userDisabled] [bit] NOT NULL,
	[userNoConsole] [bit] NOT NULL,
	[userName] [nvarchar](255) NOT NULL,
	[userLogin] [nvarchar](125) NOT NULL,
	[userPassword] [nvarchar](500) NOT NULL,
	[passwordConfig] [nvarchar](500) NULL,
	[userEmail] [nvarchar](255) NOT NULL,
	[userLanguage] [nvarchar](10) NULL,
	[securityStampToken] [nvarchar](255) NULL,
	[failedLoginAttempts] [int] NULL,
	[lastLockoutDate] [datetime] NULL,
	[lastPasswordChangeDate] [datetime] NULL,
	[lastLoginDate] [datetime] NULL,
	[emailConfirmedDate] [datetime] NULL,
	[invitedDate] [datetime] NULL,
	[createDate] [datetime] NOT NULL,
	[updateDate] [datetime] NOT NULL,
	[avatar] [nvarchar](500) NULL,
	[tourData] [ntext] NULL,
 CONSTRAINT [PK_user] PRIMARY KEY CLUSTERED 
(
	[id] ASC
)WITH (PAD_INDEX = OFF, STATISTICS_NORECOMPUTE = OFF, IGNORE_DUP_KEY = OFF, ALLOW_ROW_LOCKS = ON, ALLOW_PAGE_LOCKS = ON) ON [PRIMARY]
) ON [PRIMARY] TEXTIMAGE_ON [PRIMARY]
GO
/****** Object:  Table [dbo].[umbracoUser2NodeNotify]    Script Date: 03/09/2020 09:58:06 ******/
SET ANSI_NULLS ON
GO
SET QUOTED_IDENTIFIER ON
GO
CREATE TABLE [dbo].[umbracoUser2NodeNotify](
	[userId] [int] NOT NULL,
	[nodeId] [int] NOT NULL,
	[action] [nchar](1) NOT NULL,
 CONSTRAINT [PK_umbracoUser2NodeNotify] PRIMARY KEY CLUSTERED 
(
	[userId] ASC,
	[nodeId] ASC,
	[action] ASC
)WITH (PAD_INDEX = OFF, STATISTICS_NORECOMPUTE = OFF, IGNORE_DUP_KEY = OFF, ALLOW_ROW_LOCKS = ON, ALLOW_PAGE_LOCKS = ON) ON [PRIMARY]
) ON [PRIMARY]
GO
/****** Object:  Table [dbo].[umbracoUser2UserGroup]    Script Date: 03/09/2020 09:58:06 ******/
SET ANSI_NULLS ON
GO
SET QUOTED_IDENTIFIER ON
GO
CREATE TABLE [dbo].[umbracoUser2UserGroup](
	[userId] [int] NOT NULL,
	[userGroupId] [int] NOT NULL,
 CONSTRAINT [PK_user2userGroup] PRIMARY KEY CLUSTERED 
(
	[userId] ASC,
	[userGroupId] ASC
)WITH (PAD_INDEX = OFF, STATISTICS_NORECOMPUTE = OFF, IGNORE_DUP_KEY = OFF, ALLOW_ROW_LOCKS = ON, ALLOW_PAGE_LOCKS = ON) ON [PRIMARY]
) ON [PRIMARY]
GO
/****** Object:  Table [dbo].[umbracoUserGroup]    Script Date: 03/09/2020 09:58:06 ******/
SET ANSI_NULLS ON
GO
SET QUOTED_IDENTIFIER ON
GO
CREATE TABLE [dbo].[umbracoUserGroup](
	[id] [int] IDENTITY(1,1) NOT NULL,
	[userGroupAlias] [nvarchar](200) NOT NULL,
	[userGroupName] [nvarchar](200) NOT NULL,
	[userGroupDefaultPermissions] [nvarchar](50) NULL,
	[createDate] [datetime] NOT NULL,
	[updateDate] [datetime] NOT NULL,
	[icon] [nvarchar](255) NULL,
	[startContentId] [int] NULL,
	[startMediaId] [int] NULL,
 CONSTRAINT [PK_umbracoUserGroup] PRIMARY KEY CLUSTERED 
(
	[id] ASC
)WITH (PAD_INDEX = OFF, STATISTICS_NORECOMPUTE = OFF, IGNORE_DUP_KEY = OFF, ALLOW_ROW_LOCKS = ON, ALLOW_PAGE_LOCKS = ON) ON [PRIMARY]
) ON [PRIMARY]
GO
/****** Object:  Table [dbo].[umbracoUserGroup2App]    Script Date: 03/09/2020 09:58:06 ******/
SET ANSI_NULLS ON
GO
SET QUOTED_IDENTIFIER ON
GO
CREATE TABLE [dbo].[umbracoUserGroup2App](
	[userGroupId] [int] NOT NULL,
	[app] [nvarchar](50) NOT NULL,
 CONSTRAINT [PK_userGroup2App] PRIMARY KEY CLUSTERED 
(
	[userGroupId] ASC,
	[app] ASC
)WITH (PAD_INDEX = OFF, STATISTICS_NORECOMPUTE = OFF, IGNORE_DUP_KEY = OFF, ALLOW_ROW_LOCKS = ON, ALLOW_PAGE_LOCKS = ON) ON [PRIMARY]
) ON [PRIMARY]
GO
/****** Object:  Table [dbo].[umbracoUserGroup2NodePermission]    Script Date: 03/09/2020 09:58:06 ******/
SET ANSI_NULLS ON
GO
SET QUOTED_IDENTIFIER ON
GO
CREATE TABLE [dbo].[umbracoUserGroup2NodePermission](
	[userGroupId] [int] NOT NULL,
	[nodeId] [int] NOT NULL,
	[permission] [nvarchar](255) NOT NULL,
 CONSTRAINT [PK_umbracoUserGroup2NodePermission] PRIMARY KEY CLUSTERED 
(
	[userGroupId] ASC,
	[nodeId] ASC,
	[permission] ASC
)WITH (PAD_INDEX = OFF, STATISTICS_NORECOMPUTE = OFF, IGNORE_DUP_KEY = OFF, ALLOW_ROW_LOCKS = ON, ALLOW_PAGE_LOCKS = ON) ON [PRIMARY]
) ON [PRIMARY]
GO
/****** Object:  Table [dbo].[umbracoUserLogin]    Script Date: 03/09/2020 09:58:06 ******/
SET ANSI_NULLS ON
GO
SET QUOTED_IDENTIFIER ON
GO
CREATE TABLE [dbo].[umbracoUserLogin](
	[sessionId] [uniqueidentifier] NOT NULL,
	[userId] [int] NOT NULL,
	[loggedInUtc] [datetime] NOT NULL,
	[lastValidatedUtc] [datetime] NOT NULL,
	[loggedOutUtc] [datetime] NULL,
	[ipAddress] [nvarchar](255) NULL,
 CONSTRAINT [PK_umbracoUserLogin] PRIMARY KEY CLUSTERED 
(
	[sessionId] ASC
)WITH (PAD_INDEX = OFF, STATISTICS_NORECOMPUTE = OFF, IGNORE_DUP_KEY = OFF, ALLOW_ROW_LOCKS = ON, ALLOW_PAGE_LOCKS = ON) ON [PRIMARY]
) ON [PRIMARY]
GO
/****** Object:  Table [dbo].[umbracoUserStartNode]    Script Date: 03/09/2020 09:58:06 ******/
SET ANSI_NULLS ON
GO
SET QUOTED_IDENTIFIER ON
GO
CREATE TABLE [dbo].[umbracoUserStartNode](
	[id] [int] IDENTITY(1,1) NOT NULL,
	[userId] [int] NOT NULL,
	[startNode] [int] NOT NULL,
	[startNodeType] [int] NOT NULL,
 CONSTRAINT [PK_userStartNode] PRIMARY KEY CLUSTERED 
(
	[id] ASC
)WITH (PAD_INDEX = OFF, STATISTICS_NORECOMPUTE = OFF, IGNORE_DUP_KEY = OFF, ALLOW_ROW_LOCKS = ON, ALLOW_PAGE_LOCKS = ON) ON [PRIMARY]
) ON [PRIMARY]
GO
SET IDENTITY_INSERT [dbo].[cmsContent] ON 
GO
INSERT [dbo].[cmsContent] ([pk], [nodeId], [contentType]) VALUES (1, 1054, 1052)
GO
INSERT [dbo].[cmsContent] ([pk], [nodeId], [contentType]) VALUES (2, 1057, 1044)
GO
INSERT [dbo].[cmsContent] ([pk], [nodeId], [contentType]) VALUES (3, 1058, 1056)
GO
INSERT [dbo].[cmsContent] ([pk], [nodeId], [contentType]) VALUES (4, 1059, 1056)
GO
SET IDENTITY_INSERT [dbo].[cmsContent] OFF
GO
SET IDENTITY_INSERT [dbo].[cmsContentType] ON 
GO
INSERT [dbo].[cmsContentType] ([pk], [nodeId], [alias], [icon], [thumbnail], [description], [isContainer], [allowAtRoot]) VALUES (531, 1044, N'Member', N'icon-user', N'icon-user', NULL, 0, 0)
GO
INSERT [dbo].[cmsContentType] ([pk], [nodeId], [alias], [icon], [thumbnail], [description], [isContainer], [allowAtRoot]) VALUES (532, 1031, N'Folder', N'icon-folder', N'icon-folder', NULL, 0, 1)
GO
INSERT [dbo].[cmsContentType] ([pk], [nodeId], [alias], [icon], [thumbnail], [description], [isContainer], [allowAtRoot]) VALUES (533, 1032, N'Image', N'icon-picture', N'icon-picture', NULL, 0, 1)
GO
INSERT [dbo].[cmsContentType] ([pk], [nodeId], [alias], [icon], [thumbnail], [description], [isContainer], [allowAtRoot]) VALUES (534, 1033, N'File', N'icon-document', N'icon-document', NULL, 0, 1)
GO
INSERT [dbo].[cmsContentType] ([pk], [nodeId], [alias], [icon], [thumbnail], [description], [isContainer], [allowAtRoot]) VALUES (535, 1052, N'home', N'icon-home color-black', N'folder.png', NULL, 0, 1)
GO
INSERT [dbo].[cmsContentType] ([pk], [nodeId], [alias], [icon], [thumbnail], [description], [isContainer], [allowAtRoot]) VALUES (536, 1056, N'login', N'icon-old-key color-black', N'folder.png', NULL, 0, 1)
GO
SET IDENTITY_INSERT [dbo].[cmsContentType] OFF
GO
INSERT [dbo].[cmsContentTypeAllowedContentType] ([Id], [AllowedId], [SortOrder]) VALUES (1031, 1031, 0)
GO
INSERT [dbo].[cmsContentTypeAllowedContentType] ([Id], [AllowedId], [SortOrder]) VALUES (1031, 1032, 0)
GO
INSERT [dbo].[cmsContentTypeAllowedContentType] ([Id], [AllowedId], [SortOrder]) VALUES (1031, 1033, 0)
GO
INSERT [dbo].[cmsContentTypeAllowedContentType] ([Id], [AllowedId], [SortOrder]) VALUES (1056, 1052, 0)
GO
SET IDENTITY_INSERT [dbo].[cmsContentVersion] ON 
GO
INSERT [dbo].[cmsContentVersion] ([id], [ContentId], [VersionId], [VersionDate]) VALUES (1, 1054, N'0bc8e3c3-ec99-4e77-9da5-e868838f8554', CAST(N'2020-08-18T19:17:55.043' AS DateTime))
GO
INSERT [dbo].[cmsContentVersion] ([id], [ContentId], [VersionId], [VersionDate]) VALUES (2, 1057, N'aa38be2a-10a6-4c21-8c9b-75ce2f6654c7', CAST(N'2020-09-03T09:52:29.973' AS DateTime))
GO
INSERT [dbo].[cmsContentVersion] ([id], [ContentId], [VersionId], [VersionDate]) VALUES (3, 1058, N'aab50c3a-b4b5-419d-98f8-71e917682406', CAST(N'2020-08-18T20:10:22.440' AS DateTime))
GO
INSERT [dbo].[cmsContentVersion] ([id], [ContentId], [VersionId], [VersionDate]) VALUES (4, 1058, N'942cd9c4-6915-4aa9-8118-cb6d750968f5', CAST(N'2020-08-18T20:14:00.753' AS DateTime))
GO
INSERT [dbo].[cmsContentVersion] ([id], [ContentId], [VersionId], [VersionDate]) VALUES (5, 1058, N'feae78d0-798c-42b9-89c6-f785d49c50e0', CAST(N'2020-08-18T20:14:00.783' AS DateTime))
GO
INSERT [dbo].[cmsContentVersion] ([id], [ContentId], [VersionId], [VersionDate]) VALUES (6, 1059, N'2ac21c59-0e9d-4cea-b39b-1f149e5f25f8', CAST(N'2020-08-18T20:14:07.710' AS DateTime))
GO
INSERT [dbo].[cmsContentVersion] ([id], [ContentId], [VersionId], [VersionDate]) VALUES (7, 1054, N'5e5b0df5-0d72-4c0a-b308-b9f14589b2b1', CAST(N'2020-08-18T20:14:36.123' AS DateTime))
GO
INSERT [dbo].[cmsContentVersion] ([id], [ContentId], [VersionId], [VersionDate]) VALUES (8, 1059, N'a8bed1d3-248e-4285-a482-fba6ce23e0cd', CAST(N'2020-08-18T20:30:22.870' AS DateTime))
GO
INSERT [dbo].[cmsContentVersion] ([id], [ContentId], [VersionId], [VersionDate]) VALUES (9, 1059, N'abb2434a-9d3d-4bb3-9cc5-493c6c7774da', CAST(N'2020-08-18T20:36:25.147' AS DateTime))
GO
INSERT [dbo].[cmsContentVersion] ([id], [ContentId], [VersionId], [VersionDate]) VALUES (10, 1054, N'b762f286-dbe3-4cf3-b456-b3779da0aefb', CAST(N'2020-08-18T20:38:34.663' AS DateTime))
GO
INSERT [dbo].[cmsContentVersion] ([id], [ContentId], [VersionId], [VersionDate]) VALUES (1002, 1054, N'3de6565c-cfec-4d62-a852-23c6fbc0a07f', CAST(N'2020-08-19T10:08:30.773' AS DateTime))
GO
SET IDENTITY_INSERT [dbo].[cmsContentVersion] OFF
GO
INSERT [dbo].[cmsContentXml] ([nodeId], [xml]) VALUES (1054, N'<home id="1054" key="a445c8f8-1339-4e34-9547-60f1580bed2d" parentID="1059" level="2" creatorID="0" sortOrder="1" createDate="2020-08-18T19:17:55" updateDate="2020-08-19T10:08:30" nodeName="Home" urlName="home" path="-1,1059,1054" isDoc="" nodeType="1052" creatorName="Sam" writerName="Sam" writerID="0" template="1051" nodeTypeAlias="home" isPublished="true"><title><![CDATA[This is the homepage!]]></title><pageContent><![CDATA[has the following weather for the next 5 days:]]></pageContent></home>')
GO
INSERT [dbo].[cmsContentXml] ([nodeId], [xml]) VALUES (1057, N'<Member id="1057" key="07f7718e-f36f-4888-b2ea-6363ae234b5b" parentID="-1" level="1" creatorID="0" sortOrder="0" createDate="2020-08-18T20:00:38" updateDate="2020-09-03T09:52:29" nodeName="Admin Member" urlName="admin-member" path="-1,1057" isDoc="" nodeType="1044" nodeTypeAlias="Member" loginName="Admin Member" email="jabbaaah@hotmail.com" icon="icon-user"><umbracoMemberComments><![CDATA[This is the member that has access to the weather app]]></umbracoMemberComments><umbracoMemberFailedPasswordAttempts><![CDATA[0]]></umbracoMemberFailedPasswordAttempts><umbracoMemberApproved>1</umbracoMemberApproved><umbracoMemberLockedOut>0</umbracoMemberLockedOut><umbracoMemberLastLogin><![CDATA[9/3/2020 9:52:29 AM]]></umbracoMemberLastLogin><umbracoMemberLastPasswordChangeDate><![CDATA[8/18/2020 8:00:38 PM]]></umbracoMemberLastPasswordChangeDate></Member>')
GO
INSERT [dbo].[cmsContentXml] ([nodeId], [xml]) VALUES (1059, N'<login id="1059" key="bed0f7a1-29c3-43c3-9ebb-cd42454e1c2c" parentID="-1" level="1" creatorID="0" sortOrder="1" createDate="2020-08-18T20:14:07" updateDate="2020-08-18T20:36:25" nodeName="Login" urlName="login" path="-1,1059" isDoc="" nodeType="1056" creatorName="Sam" writerName="Sam" writerID="0" template="1055" nodeTypeAlias="login" isPublished="true"><title><![CDATA[This is the login page!]]></title><loggedOutTitle><![CDATA[You are not currently logged in...]]></loggedOutTitle></login>')
GO
SET IDENTITY_INSERT [dbo].[cmsDataType] ON 
GO
INSERT [dbo].[cmsDataType] ([pk], [nodeId], [propertyEditorAlias], [dbType]) VALUES (-28, -97, N'Umbraco.ListView', N'Nvarchar')
GO
INSERT [dbo].[cmsDataType] ([pk], [nodeId], [propertyEditorAlias], [dbType]) VALUES (-27, -96, N'Umbraco.ListView', N'Nvarchar')
GO
INSERT [dbo].[cmsDataType] ([pk], [nodeId], [propertyEditorAlias], [dbType]) VALUES (-26, -95, N'Umbraco.ListView', N'Nvarchar')
GO
INSERT [dbo].[cmsDataType] ([pk], [nodeId], [propertyEditorAlias], [dbType]) VALUES (1, -49, N'Umbraco.TrueFalse', N'Integer')
GO
INSERT [dbo].[cmsDataType] ([pk], [nodeId], [propertyEditorAlias], [dbType]) VALUES (2, -51, N'Umbraco.Integer', N'Integer')
GO
INSERT [dbo].[cmsDataType] ([pk], [nodeId], [propertyEditorAlias], [dbType]) VALUES (3, -87, N'Umbraco.TinyMCEv3', N'Ntext')
GO
INSERT [dbo].[cmsDataType] ([pk], [nodeId], [propertyEditorAlias], [dbType]) VALUES (4, -88, N'Umbraco.Textbox', N'Nvarchar')
GO
INSERT [dbo].[cmsDataType] ([pk], [nodeId], [propertyEditorAlias], [dbType]) VALUES (5, -89, N'Umbraco.TextboxMultiple', N'Ntext')
GO
INSERT [dbo].[cmsDataType] ([pk], [nodeId], [propertyEditorAlias], [dbType]) VALUES (6, -90, N'Umbraco.UploadField', N'Nvarchar')
GO
INSERT [dbo].[cmsDataType] ([pk], [nodeId], [propertyEditorAlias], [dbType]) VALUES (7, -92, N'Umbraco.NoEdit', N'Nvarchar')
GO
INSERT [dbo].[cmsDataType] ([pk], [nodeId], [propertyEditorAlias], [dbType]) VALUES (8, -36, N'Umbraco.DateTime', N'Date')
GO
INSERT [dbo].[cmsDataType] ([pk], [nodeId], [propertyEditorAlias], [dbType]) VALUES (9, -37, N'Umbraco.ColorPickerAlias', N'Nvarchar')
GO
INSERT [dbo].[cmsDataType] ([pk], [nodeId], [propertyEditorAlias], [dbType]) VALUES (11, -39, N'Umbraco.DropDown.Flexible', N'Nvarchar')
GO
INSERT [dbo].[cmsDataType] ([pk], [nodeId], [propertyEditorAlias], [dbType]) VALUES (12, -40, N'Umbraco.RadioButtonList', N'Nvarchar')
GO
INSERT [dbo].[cmsDataType] ([pk], [nodeId], [propertyEditorAlias], [dbType]) VALUES (13, -41, N'Umbraco.Date', N'Date')
GO
INSERT [dbo].[cmsDataType] ([pk], [nodeId], [propertyEditorAlias], [dbType]) VALUES (14, -42, N'Umbraco.DropDown.Flexible', N'Integer')
GO
INSERT [dbo].[cmsDataType] ([pk], [nodeId], [propertyEditorAlias], [dbType]) VALUES (15, -43, N'Umbraco.CheckBoxList', N'Nvarchar')
GO
INSERT [dbo].[cmsDataType] ([pk], [nodeId], [propertyEditorAlias], [dbType]) VALUES (22, 1041, N'Umbraco.Tags', N'Ntext')
GO
INSERT [dbo].[cmsDataType] ([pk], [nodeId], [propertyEditorAlias], [dbType]) VALUES (24, 1043, N'Umbraco.ImageCropper', N'Ntext')
GO
INSERT [dbo].[cmsDataType] ([pk], [nodeId], [propertyEditorAlias], [dbType]) VALUES (26, 1046, N'Umbraco.ContentPicker2', N'Nvarchar')
GO
INSERT [dbo].[cmsDataType] ([pk], [nodeId], [propertyEditorAlias], [dbType]) VALUES (27, 1047, N'Umbraco.MemberPicker2', N'Nvarchar')
GO
INSERT [dbo].[cmsDataType] ([pk], [nodeId], [propertyEditorAlias], [dbType]) VALUES (28, 1048, N'Umbraco.MediaPicker2', N'Ntext')
GO
INSERT [dbo].[cmsDataType] ([pk], [nodeId], [propertyEditorAlias], [dbType]) VALUES (29, 1049, N'Umbraco.MediaPicker2', N'Ntext')
GO
INSERT [dbo].[cmsDataType] ([pk], [nodeId], [propertyEditorAlias], [dbType]) VALUES (30, 1050, N'Umbraco.RelatedLinks2', N'Ntext')
GO
SET IDENTITY_INSERT [dbo].[cmsDataType] OFF
GO
SET IDENTITY_INSERT [dbo].[cmsDataTypePreValues] ON 
GO
INSERT [dbo].[cmsDataTypePreValues] ([id], [datatypeNodeId], [value], [sortorder], [alias]) VALUES (-9, -96, N'[{"alias":"updateDate","header":"Last edited","isSystem":1},{"alias":"owner","header":"Updated by","isSystem":1}]', 5, N'includeProperties')
GO
INSERT [dbo].[cmsDataTypePreValues] ([id], [datatypeNodeId], [value], [sortorder], [alias]) VALUES (-8, -96, N'[{"name": "Grid","path": "views/propertyeditors/listview/layouts/grid/grid.html", "icon": "icon-thumbnails-small", "isSystem": 1, "selected": true},{"name": "List","path": "views/propertyeditors/listview/layouts/list/list.html","icon": "icon-list", "isSystem": 1,"selected": true}]', 4, N'layouts')
GO
INSERT [dbo].[cmsDataTypePreValues] ([id], [datatypeNodeId], [value], [sortorder], [alias]) VALUES (-7, -96, N'desc', 3, N'orderDirection')
GO
INSERT [dbo].[cmsDataTypePreValues] ([id], [datatypeNodeId], [value], [sortorder], [alias]) VALUES (-6, -96, N'updateDate', 2, N'orderBy')
GO
INSERT [dbo].[cmsDataTypePreValues] ([id], [datatypeNodeId], [value], [sortorder], [alias]) VALUES (-5, -96, N'100', 1, N'pageSize')
GO
INSERT [dbo].[cmsDataTypePreValues] ([id], [datatypeNodeId], [value], [sortorder], [alias]) VALUES (-4, -97, N'[{"alias":"username","isSystem":1},{"alias":"email","isSystem":1},{"alias":"updateDate","header":"Last edited","isSystem":1}]', 4, N'includeProperties')
GO
INSERT [dbo].[cmsDataTypePreValues] ([id], [datatypeNodeId], [value], [sortorder], [alias]) VALUES (-3, -97, N'asc', 3, N'orderDirection')
GO
INSERT [dbo].[cmsDataTypePreValues] ([id], [datatypeNodeId], [value], [sortorder], [alias]) VALUES (-2, -97, N'username', 2, N'orderBy')
GO
INSERT [dbo].[cmsDataTypePreValues] ([id], [datatypeNodeId], [value], [sortorder], [alias]) VALUES (-1, -97, N'10', 1, N'pageSize')
GO
INSERT [dbo].[cmsDataTypePreValues] ([id], [datatypeNodeId], [value], [sortorder], [alias]) VALUES (3, -87, N',code,undo,redo,cut,copy,mcepasteword,stylepicker,bold,italic,bullist,numlist,outdent,indent,mcelink,unlink,mceinsertanchor,mceimage,umbracomacro,mceinserttable,umbracoembed,mcecharmap,|1|1,2,3,|0|500,400|1049,|true|', 0, N'')
GO
INSERT [dbo].[cmsDataTypePreValues] ([id], [datatypeNodeId], [value], [sortorder], [alias]) VALUES (4, 1041, N'default', 0, N'group')
GO
INSERT [dbo].[cmsDataTypePreValues] ([id], [datatypeNodeId], [value], [sortorder], [alias]) VALUES (5, 1041, N'Json', 0, N'storageType')
GO
INSERT [dbo].[cmsDataTypePreValues] ([id], [datatypeNodeId], [value], [sortorder], [alias]) VALUES (6, 1049, N'1', 0, N'multiPicker')
GO
INSERT [dbo].[cmsDataTypePreValues] ([id], [datatypeNodeId], [value], [sortorder], [alias]) VALUES (7, -42, N'0', 0, N'multiple')
GO
INSERT [dbo].[cmsDataTypePreValues] ([id], [datatypeNodeId], [value], [sortorder], [alias]) VALUES (8, -39, N'1', 0, N'multiple')
GO
SET IDENTITY_INSERT [dbo].[cmsDataTypePreValues] OFF
GO
INSERT [dbo].[cmsDocument] ([nodeId], [published], [documentUser], [versionId], [text], [releaseDate], [expireDate], [updateDate], [templateId], [newest]) VALUES (1059, 0, 0, N'2ac21c59-0e9d-4cea-b39b-1f149e5f25f8', N'Login', NULL, NULL, CAST(N'2020-08-18T20:14:07.710' AS DateTime), 1055, 0)
GO
INSERT [dbo].[cmsDocument] ([nodeId], [published], [documentUser], [versionId], [text], [releaseDate], [expireDate], [updateDate], [templateId], [newest]) VALUES (1054, 1, 0, N'3de6565c-cfec-4d62-a852-23c6fbc0a07f', N'Home', NULL, NULL, CAST(N'2020-08-19T10:08:30.773' AS DateTime), 1051, 1)
GO
INSERT [dbo].[cmsDocument] ([nodeId], [published], [documentUser], [versionId], [text], [releaseDate], [expireDate], [updateDate], [templateId], [newest]) VALUES (1059, 1, 0, N'abb2434a-9d3d-4bb3-9cc5-493c6c7774da', N'Login', NULL, NULL, CAST(N'2020-08-18T20:36:25.147' AS DateTime), 1055, 1)
GO
INSERT [dbo].[cmsDocument] ([nodeId], [published], [documentUser], [versionId], [text], [releaseDate], [expireDate], [updateDate], [templateId], [newest]) VALUES (1058, 0, 0, N'aab50c3a-b4b5-419d-98f8-71e917682406', N'Login', NULL, NULL, CAST(N'2020-08-18T20:10:22.440' AS DateTime), 1055, 0)
GO
INSERT [dbo].[cmsDocument] ([nodeId], [published], [documentUser], [versionId], [text], [releaseDate], [expireDate], [updateDate], [templateId], [newest]) VALUES (1054, 0, 0, N'b762f286-dbe3-4cf3-b456-b3779da0aefb', N'Home', NULL, NULL, CAST(N'2020-08-18T20:38:34.663' AS DateTime), 1051, 0)
GO
INSERT [dbo].[cmsDocument] ([nodeId], [published], [documentUser], [versionId], [text], [releaseDate], [expireDate], [updateDate], [templateId], [newest]) VALUES (1054, 0, 0, N'5e5b0df5-0d72-4c0a-b308-b9f14589b2b1', N'Home', NULL, NULL, CAST(N'2020-08-18T20:14:36.123' AS DateTime), 1051, 0)
GO
INSERT [dbo].[cmsDocument] ([nodeId], [published], [documentUser], [versionId], [text], [releaseDate], [expireDate], [updateDate], [templateId], [newest]) VALUES (1058, 0, 0, N'942cd9c4-6915-4aa9-8118-cb6d750968f5', N'Login', NULL, NULL, CAST(N'2020-08-18T20:14:00.753' AS DateTime), 1055, 0)
GO
INSERT [dbo].[cmsDocument] ([nodeId], [published], [documentUser], [versionId], [text], [releaseDate], [expireDate], [updateDate], [templateId], [newest]) VALUES (1054, 0, 0, N'0bc8e3c3-ec99-4e77-9da5-e868838f8554', N'Home', NULL, NULL, CAST(N'2020-08-18T19:17:55.043' AS DateTime), 1051, 0)
GO
INSERT [dbo].[cmsDocument] ([nodeId], [published], [documentUser], [versionId], [text], [releaseDate], [expireDate], [updateDate], [templateId], [newest]) VALUES (1058, 0, 0, N'feae78d0-798c-42b9-89c6-f785d49c50e0', N'Login', NULL, NULL, CAST(N'2020-08-18T20:14:00.783' AS DateTime), 1055, 1)
GO
INSERT [dbo].[cmsDocument] ([nodeId], [published], [documentUser], [versionId], [text], [releaseDate], [expireDate], [updateDate], [templateId], [newest]) VALUES (1059, 0, 0, N'a8bed1d3-248e-4285-a482-fba6ce23e0cd', N'Login', NULL, NULL, CAST(N'2020-08-18T20:30:22.870' AS DateTime), 1055, 0)
GO
INSERT [dbo].[cmsDocumentType] ([contentTypeNodeId], [templateNodeId], [IsDefault]) VALUES (1052, 1051, 1)
GO
INSERT [dbo].[cmsDocumentType] ([contentTypeNodeId], [templateNodeId], [IsDefault]) VALUES (1056, 1055, 1)
GO
INSERT [dbo].[cmsMember] ([nodeId], [Email], [LoginName], [Password]) VALUES (1057, N'jabbaaah@hotmail.com', N'Admin Member', N'za8OZ5R16rPaJK44ATestg==/HJipbuCPbY629lb/sOSogP72549T0L/6UcYGiJjRJs=')
GO
SET IDENTITY_INSERT [dbo].[cmsMemberType] ON 
GO
INSERT [dbo].[cmsMemberType] ([pk], [NodeId], [propertytypeId], [memberCanEdit], [viewOnProfile], [isSensitive]) VALUES (1, 1044, 35, 0, 0, 0)
GO
INSERT [dbo].[cmsMemberType] ([pk], [NodeId], [propertytypeId], [memberCanEdit], [viewOnProfile], [isSensitive]) VALUES (2, 1044, 36, 0, 0, 0)
GO
INSERT [dbo].[cmsMemberType] ([pk], [NodeId], [propertytypeId], [memberCanEdit], [viewOnProfile], [isSensitive]) VALUES (3, 1044, 28, 0, 0, 0)
GO
INSERT [dbo].[cmsMemberType] ([pk], [NodeId], [propertytypeId], [memberCanEdit], [viewOnProfile], [isSensitive]) VALUES (4, 1044, 29, 0, 0, 0)
GO
INSERT [dbo].[cmsMemberType] ([pk], [NodeId], [propertytypeId], [memberCanEdit], [viewOnProfile], [isSensitive]) VALUES (5, 1044, 30, 0, 0, 0)
GO
INSERT [dbo].[cmsMemberType] ([pk], [NodeId], [propertytypeId], [memberCanEdit], [viewOnProfile], [isSensitive]) VALUES (6, 1044, 31, 0, 0, 0)
GO
INSERT [dbo].[cmsMemberType] ([pk], [NodeId], [propertytypeId], [memberCanEdit], [viewOnProfile], [isSensitive]) VALUES (7, 1044, 32, 0, 0, 0)
GO
INSERT [dbo].[cmsMemberType] ([pk], [NodeId], [propertytypeId], [memberCanEdit], [viewOnProfile], [isSensitive]) VALUES (8, 1044, 33, 0, 0, 0)
GO
INSERT [dbo].[cmsMemberType] ([pk], [NodeId], [propertytypeId], [memberCanEdit], [viewOnProfile], [isSensitive]) VALUES (9, 1044, 34, 0, 0, 0)
GO
SET IDENTITY_INSERT [dbo].[cmsMemberType] OFF
GO
INSERT [dbo].[cmsPreviewXml] ([nodeId], [versionId], [timestamp], [xml]) VALUES (1054, N'3de6565c-cfec-4d62-a852-23c6fbc0a07f', CAST(N'2020-08-19T10:08:30.800' AS DateTime), N'<home id="1054" key="a445c8f8-1339-4e34-9547-60f1580bed2d" parentID="1059" level="2" creatorID="0" sortOrder="1" createDate="2020-08-18T19:17:55" updateDate="2020-08-19T10:08:30" nodeName="Home" urlName="home" path="-1,1059,1054" isDoc="" nodeType="1052" creatorName="Sam" writerName="Sam" writerID="0" template="1051" nodeTypeAlias="home" isPublished="true"><title><![CDATA[This is the homepage!]]></title><pageContent><![CDATA[has the following weather for the next 5 days:]]></pageContent></home>')
GO
INSERT [dbo].[cmsPreviewXml] ([nodeId], [versionId], [timestamp], [xml]) VALUES (1054, N'b762f286-dbe3-4cf3-b456-b3779da0aefb', CAST(N'2020-08-18T20:38:34.683' AS DateTime), N'<home id="1054" key="a445c8f8-1339-4e34-9547-60f1580bed2d" parentID="1059" level="2" creatorID="0" sortOrder="1" createDate="2020-08-18T19:17:55" updateDate="2020-08-18T20:38:34" nodeName="Home" urlName="home" path="-1,1059,1054" isDoc="" nodeType="1052" creatorName="Sam" writerName="Sam" writerID="0" template="1051" nodeTypeAlias="home" isPublished="true"><title><![CDATA[This is the homepage!]]></title><pageContent><![CDATA[Below is the weather for the next 5 days!]]></pageContent></home>')
GO
INSERT [dbo].[cmsPreviewXml] ([nodeId], [versionId], [timestamp], [xml]) VALUES (1054, N'5e5b0df5-0d72-4c0a-b308-b9f14589b2b1', CAST(N'2020-08-18T20:14:36.143' AS DateTime), N'<home id="1054" key="a445c8f8-1339-4e34-9547-60f1580bed2d" parentID="1059" level="2" creatorID="0" sortOrder="1" createDate="2020-08-18T19:17:55" updateDate="2020-08-18T20:14:36" nodeName="Home" urlName="home" path="-1,1059,1054" isDoc="" nodeType="1052" creatorName="Sam" writerName="Sam" writerID="0" template="1051" nodeTypeAlias="home" isPublished="true"><title><![CDATA[This is the homepage!]]></title></home>')
GO
INSERT [dbo].[cmsPreviewXml] ([nodeId], [versionId], [timestamp], [xml]) VALUES (1054, N'0bc8e3c3-ec99-4e77-9da5-e868838f8554', CAST(N'2020-08-18T19:17:55.070' AS DateTime), N'<home id="1054" key="a445c8f8-1339-4e34-9547-60f1580bed2d" parentID="-1" level="1" creatorID="0" sortOrder="0" createDate="2020-08-18T19:17:55" updateDate="2020-08-18T19:17:55" nodeName="Home" urlName="home" path="-1,1054" isDoc="" nodeType="1052" creatorName="Sam" writerName="Sam" writerID="0" template="1051" nodeTypeAlias="home" isPublished="true"><title><![CDATA[This is the homepage!]]></title></home>')
GO
INSERT [dbo].[cmsPreviewXml] ([nodeId], [versionId], [timestamp], [xml]) VALUES (1058, N'aab50c3a-b4b5-419d-98f8-71e917682406', CAST(N'2020-08-18T20:10:22.457' AS DateTime), N'<login id="1058" key="03bbbfe1-47fe-48ca-942e-7d49aa7d81be" parentID="1054" level="2" creatorID="0" sortOrder="0" createDate="2020-08-18T20:10:22" updateDate="2020-08-18T20:10:22" nodeName="Login" urlName="login" path="-1,1054,1058" isDoc="" nodeType="1056" creatorName="Sam" writerName="Sam" writerID="0" template="1055" nodeTypeAlias="login" isPublished="true"><title><![CDATA[Login/Logout Page]]></title></login>')
GO
INSERT [dbo].[cmsPreviewXml] ([nodeId], [versionId], [timestamp], [xml]) VALUES (1059, N'2ac21c59-0e9d-4cea-b39b-1f149e5f25f8', CAST(N'2020-08-18T20:14:07.717' AS DateTime), N'<login id="1059" key="bed0f7a1-29c3-43c3-9ebb-cd42454e1c2c" parentID="-1" level="1" creatorID="0" sortOrder="1" createDate="2020-08-18T20:14:07" updateDate="2020-08-18T20:14:07" nodeName="Login" urlName="login" path="-1,1059" isDoc="" nodeType="1056" creatorName="Sam" writerName="Sam" writerID="0" template="1055" nodeTypeAlias="login" isPublished="true" />')
GO
INSERT [dbo].[cmsPreviewXml] ([nodeId], [versionId], [timestamp], [xml]) VALUES (1059, N'abb2434a-9d3d-4bb3-9cc5-493c6c7774da', CAST(N'2020-08-18T20:36:25.173' AS DateTime), N'<login id="1059" key="bed0f7a1-29c3-43c3-9ebb-cd42454e1c2c" parentID="-1" level="1" creatorID="0" sortOrder="1" createDate="2020-08-18T20:14:07" updateDate="2020-08-18T20:36:25" nodeName="Login" urlName="login" path="-1,1059" isDoc="" nodeType="1056" creatorName="Sam" writerName="Sam" writerID="0" template="1055" nodeTypeAlias="login" isPublished="true"><title><![CDATA[This is the login page!]]></title><loggedOutTitle><![CDATA[You are not currently logged in...]]></loggedOutTitle></login>')
GO
INSERT [dbo].[cmsPreviewXml] ([nodeId], [versionId], [timestamp], [xml]) VALUES (1059, N'a8bed1d3-248e-4285-a482-fba6ce23e0cd', CAST(N'2020-08-18T20:30:22.897' AS DateTime), N'<login id="1059" key="bed0f7a1-29c3-43c3-9ebb-cd42454e1c2c" parentID="-1" level="1" creatorID="0" sortOrder="1" createDate="2020-08-18T20:14:07" updateDate="2020-08-18T20:30:22" nodeName="Login" urlName="login" path="-1,1059" isDoc="" nodeType="1056" creatorName="Sam" writerName="Sam" writerID="0" template="1055" nodeTypeAlias="login" isPublished="true"><title><![CDATA[This is the login page!]]></title></login>')
GO
SET IDENTITY_INSERT [dbo].[cmsPropertyData] ON 
GO
INSERT [dbo].[cmsPropertyData] ([id], [contentNodeId], [versionId], [propertytypeid], [dataInt], [dataDecimal], [dataDate], [dataNvarchar], [dataNtext]) VALUES (1, 1054, N'0bc8e3c3-ec99-4e77-9da5-e868838f8554', 37, NULL, NULL, NULL, N'This is the homepage!', NULL)
GO
INSERT [dbo].[cmsPropertyData] ([id], [contentNodeId], [versionId], [propertytypeid], [dataInt], [dataDecimal], [dataDate], [dataNvarchar], [dataNtext]) VALUES (2, 1057, N'aa38be2a-10a6-4c21-8c9b-75ce2f6654c7', 35, NULL, NULL, NULL, NULL, NULL)
GO
INSERT [dbo].[cmsPropertyData] ([id], [contentNodeId], [versionId], [propertytypeid], [dataInt], [dataDecimal], [dataDate], [dataNvarchar], [dataNtext]) VALUES (3, 1057, N'aa38be2a-10a6-4c21-8c9b-75ce2f6654c7', 36, NULL, NULL, NULL, NULL, NULL)
GO
INSERT [dbo].[cmsPropertyData] ([id], [contentNodeId], [versionId], [propertytypeid], [dataInt], [dataDecimal], [dataDate], [dataNvarchar], [dataNtext]) VALUES (4, 1057, N'aa38be2a-10a6-4c21-8c9b-75ce2f6654c7', 28, NULL, NULL, NULL, NULL, N'This is the member that has access to the weather app')
GO
INSERT [dbo].[cmsPropertyData] ([id], [contentNodeId], [versionId], [propertytypeid], [dataInt], [dataDecimal], [dataDate], [dataNvarchar], [dataNtext]) VALUES (5, 1057, N'aa38be2a-10a6-4c21-8c9b-75ce2f6654c7', 29, 0, NULL, NULL, NULL, NULL)
GO
INSERT [dbo].[cmsPropertyData] ([id], [contentNodeId], [versionId], [propertytypeid], [dataInt], [dataDecimal], [dataDate], [dataNvarchar], [dataNtext]) VALUES (6, 1057, N'aa38be2a-10a6-4c21-8c9b-75ce2f6654c7', 30, 1, NULL, NULL, NULL, NULL)
GO
INSERT [dbo].[cmsPropertyData] ([id], [contentNodeId], [versionId], [propertytypeid], [dataInt], [dataDecimal], [dataDate], [dataNvarchar], [dataNtext]) VALUES (7, 1057, N'aa38be2a-10a6-4c21-8c9b-75ce2f6654c7', 31, 0, NULL, NULL, NULL, NULL)
GO
INSERT [dbo].[cmsPropertyData] ([id], [contentNodeId], [versionId], [propertytypeid], [dataInt], [dataDecimal], [dataDate], [dataNvarchar], [dataNtext]) VALUES (8, 1057, N'aa38be2a-10a6-4c21-8c9b-75ce2f6654c7', 32, NULL, NULL, NULL, NULL, NULL)
GO
INSERT [dbo].[cmsPropertyData] ([id], [contentNodeId], [versionId], [propertytypeid], [dataInt], [dataDecimal], [dataDate], [dataNvarchar], [dataNtext]) VALUES (9, 1057, N'aa38be2a-10a6-4c21-8c9b-75ce2f6654c7', 33, NULL, NULL, CAST(N'2020-09-03T09:52:29.000' AS DateTime), NULL, NULL)
GO
INSERT [dbo].[cmsPropertyData] ([id], [contentNodeId], [versionId], [propertytypeid], [dataInt], [dataDecimal], [dataDate], [dataNvarchar], [dataNtext]) VALUES (10, 1057, N'aa38be2a-10a6-4c21-8c9b-75ce2f6654c7', 34, NULL, NULL, CAST(N'2020-08-18T20:00:38.000' AS DateTime), NULL, NULL)
GO
INSERT [dbo].[cmsPropertyData] ([id], [contentNodeId], [versionId], [propertytypeid], [dataInt], [dataDecimal], [dataDate], [dataNvarchar], [dataNtext]) VALUES (11, 1058, N'aab50c3a-b4b5-419d-98f8-71e917682406', 38, NULL, NULL, NULL, N'Login/Logout Page', NULL)
GO
INSERT [dbo].[cmsPropertyData] ([id], [contentNodeId], [versionId], [propertytypeid], [dataInt], [dataDecimal], [dataDate], [dataNvarchar], [dataNtext]) VALUES (12, 1058, N'942cd9c4-6915-4aa9-8118-cb6d750968f5', 38, NULL, NULL, NULL, N'Login/Logout Page', NULL)
GO
INSERT [dbo].[cmsPropertyData] ([id], [contentNodeId], [versionId], [propertytypeid], [dataInt], [dataDecimal], [dataDate], [dataNvarchar], [dataNtext]) VALUES (13, 1058, N'feae78d0-798c-42b9-89c6-f785d49c50e0', 38, NULL, NULL, NULL, N'Login/Logout Page', NULL)
GO
INSERT [dbo].[cmsPropertyData] ([id], [contentNodeId], [versionId], [propertytypeid], [dataInt], [dataDecimal], [dataDate], [dataNvarchar], [dataNtext]) VALUES (14, 1059, N'2ac21c59-0e9d-4cea-b39b-1f149e5f25f8', 38, NULL, NULL, NULL, NULL, NULL)
GO
INSERT [dbo].[cmsPropertyData] ([id], [contentNodeId], [versionId], [propertytypeid], [dataInt], [dataDecimal], [dataDate], [dataNvarchar], [dataNtext]) VALUES (15, 1054, N'5e5b0df5-0d72-4c0a-b308-b9f14589b2b1', 37, NULL, NULL, NULL, N'This is the homepage!', NULL)
GO
INSERT [dbo].[cmsPropertyData] ([id], [contentNodeId], [versionId], [propertytypeid], [dataInt], [dataDecimal], [dataDate], [dataNvarchar], [dataNtext]) VALUES (16, 1059, N'a8bed1d3-248e-4285-a482-fba6ce23e0cd', 38, NULL, NULL, NULL, N'This is the login page!', NULL)
GO
INSERT [dbo].[cmsPropertyData] ([id], [contentNodeId], [versionId], [propertytypeid], [dataInt], [dataDecimal], [dataDate], [dataNvarchar], [dataNtext]) VALUES (17, 1059, N'abb2434a-9d3d-4bb3-9cc5-493c6c7774da', 38, NULL, NULL, NULL, N'This is the login page!', NULL)
GO
INSERT [dbo].[cmsPropertyData] ([id], [contentNodeId], [versionId], [propertytypeid], [dataInt], [dataDecimal], [dataDate], [dataNvarchar], [dataNtext]) VALUES (18, 1059, N'abb2434a-9d3d-4bb3-9cc5-493c6c7774da', 39, NULL, NULL, NULL, N'You are not currently logged in...', NULL)
GO
INSERT [dbo].[cmsPropertyData] ([id], [contentNodeId], [versionId], [propertytypeid], [dataInt], [dataDecimal], [dataDate], [dataNvarchar], [dataNtext]) VALUES (19, 1054, N'b762f286-dbe3-4cf3-b456-b3779da0aefb', 37, NULL, NULL, NULL, N'This is the homepage!', NULL)
GO
INSERT [dbo].[cmsPropertyData] ([id], [contentNodeId], [versionId], [propertytypeid], [dataInt], [dataDecimal], [dataDate], [dataNvarchar], [dataNtext]) VALUES (20, 1054, N'b762f286-dbe3-4cf3-b456-b3779da0aefb', 40, NULL, NULL, NULL, NULL, N'Below is the weather for the next 5 days!')
GO
INSERT [dbo].[cmsPropertyData] ([id], [contentNodeId], [versionId], [propertytypeid], [dataInt], [dataDecimal], [dataDate], [dataNvarchar], [dataNtext]) VALUES (1002, 1054, N'3de6565c-cfec-4d62-a852-23c6fbc0a07f', 37, NULL, NULL, NULL, N'This is the homepage!', NULL)
GO
INSERT [dbo].[cmsPropertyData] ([id], [contentNodeId], [versionId], [propertytypeid], [dataInt], [dataDecimal], [dataDate], [dataNvarchar], [dataNtext]) VALUES (1003, 1054, N'3de6565c-cfec-4d62-a852-23c6fbc0a07f', 40, NULL, NULL, NULL, NULL, N'has the following weather for the next 5 days:')
GO
SET IDENTITY_INSERT [dbo].[cmsPropertyData] OFF
GO
SET IDENTITY_INSERT [dbo].[cmsPropertyType] ON 
GO
INSERT [dbo].[cmsPropertyType] ([id], [dataTypeId], [contentTypeId], [propertyTypeGroupId], [Alias], [Name], [sortOrder], [mandatory], [validationRegExp], [Description], [UniqueID]) VALUES (6, 1043, 1032, 3, N'umbracoFile', N'Upload image', 0, 0, NULL, NULL, N'00000006-0000-0000-0000-000000000000')
GO
INSERT [dbo].[cmsPropertyType] ([id], [dataTypeId], [contentTypeId], [propertyTypeGroupId], [Alias], [Name], [sortOrder], [mandatory], [validationRegExp], [Description], [UniqueID]) VALUES (7, -92, 1032, 3, N'umbracoWidth', N'Width', 0, 0, NULL, NULL, N'00000007-0000-0000-0000-000000000000')
GO
INSERT [dbo].[cmsPropertyType] ([id], [dataTypeId], [contentTypeId], [propertyTypeGroupId], [Alias], [Name], [sortOrder], [mandatory], [validationRegExp], [Description], [UniqueID]) VALUES (8, -92, 1032, 3, N'umbracoHeight', N'Height', 0, 0, NULL, NULL, N'00000008-0000-0000-0000-000000000000')
GO
INSERT [dbo].[cmsPropertyType] ([id], [dataTypeId], [contentTypeId], [propertyTypeGroupId], [Alias], [Name], [sortOrder], [mandatory], [validationRegExp], [Description], [UniqueID]) VALUES (9, -92, 1032, 3, N'umbracoBytes', N'Size', 0, 0, NULL, NULL, N'00000009-0000-0000-0000-000000000000')
GO
INSERT [dbo].[cmsPropertyType] ([id], [dataTypeId], [contentTypeId], [propertyTypeGroupId], [Alias], [Name], [sortOrder], [mandatory], [validationRegExp], [Description], [UniqueID]) VALUES (10, -92, 1032, 3, N'umbracoExtension', N'Type', 0, 0, NULL, NULL, N'0000000a-0000-0000-0000-000000000000')
GO
INSERT [dbo].[cmsPropertyType] ([id], [dataTypeId], [contentTypeId], [propertyTypeGroupId], [Alias], [Name], [sortOrder], [mandatory], [validationRegExp], [Description], [UniqueID]) VALUES (24, -90, 1033, 4, N'umbracoFile', N'Upload file', 0, 0, NULL, NULL, N'00000018-0000-0000-0000-000000000000')
GO
INSERT [dbo].[cmsPropertyType] ([id], [dataTypeId], [contentTypeId], [propertyTypeGroupId], [Alias], [Name], [sortOrder], [mandatory], [validationRegExp], [Description], [UniqueID]) VALUES (25, -92, 1033, 4, N'umbracoExtension', N'Type', 0, 0, NULL, NULL, N'00000019-0000-0000-0000-000000000000')
GO
INSERT [dbo].[cmsPropertyType] ([id], [dataTypeId], [contentTypeId], [propertyTypeGroupId], [Alias], [Name], [sortOrder], [mandatory], [validationRegExp], [Description], [UniqueID]) VALUES (26, -92, 1033, 4, N'umbracoBytes', N'Size', 0, 0, NULL, NULL, N'0000001a-0000-0000-0000-000000000000')
GO
INSERT [dbo].[cmsPropertyType] ([id], [dataTypeId], [contentTypeId], [propertyTypeGroupId], [Alias], [Name], [sortOrder], [mandatory], [validationRegExp], [Description], [UniqueID]) VALUES (27, -96, 1031, 5, N'contents', N'Contents:', 0, 0, NULL, NULL, N'0000001b-0000-0000-0000-000000000000')
GO
INSERT [dbo].[cmsPropertyType] ([id], [dataTypeId], [contentTypeId], [propertyTypeGroupId], [Alias], [Name], [sortOrder], [mandatory], [validationRegExp], [Description], [UniqueID]) VALUES (28, -89, 1044, 11, N'umbracoMemberComments', N'Comments', 0, 0, NULL, NULL, N'0000001c-0000-0000-0000-000000000000')
GO
INSERT [dbo].[cmsPropertyType] ([id], [dataTypeId], [contentTypeId], [propertyTypeGroupId], [Alias], [Name], [sortOrder], [mandatory], [validationRegExp], [Description], [UniqueID]) VALUES (29, -92, 1044, 11, N'umbracoMemberFailedPasswordAttempts', N'Failed Password Attempts', 1, 0, NULL, NULL, N'0000001d-0000-0000-0000-000000000000')
GO
INSERT [dbo].[cmsPropertyType] ([id], [dataTypeId], [contentTypeId], [propertyTypeGroupId], [Alias], [Name], [sortOrder], [mandatory], [validationRegExp], [Description], [UniqueID]) VALUES (30, -49, 1044, 11, N'umbracoMemberApproved', N'Is Approved', 2, 0, NULL, NULL, N'0000001e-0000-0000-0000-000000000000')
GO
INSERT [dbo].[cmsPropertyType] ([id], [dataTypeId], [contentTypeId], [propertyTypeGroupId], [Alias], [Name], [sortOrder], [mandatory], [validationRegExp], [Description], [UniqueID]) VALUES (31, -49, 1044, 11, N'umbracoMemberLockedOut', N'Is Locked Out', 3, 0, NULL, NULL, N'0000001f-0000-0000-0000-000000000000')
GO
INSERT [dbo].[cmsPropertyType] ([id], [dataTypeId], [contentTypeId], [propertyTypeGroupId], [Alias], [Name], [sortOrder], [mandatory], [validationRegExp], [Description], [UniqueID]) VALUES (32, -92, 1044, 11, N'umbracoMemberLastLockoutDate', N'Last Lockout Date', 4, 0, NULL, NULL, N'00000020-0000-0000-0000-000000000000')
GO
INSERT [dbo].[cmsPropertyType] ([id], [dataTypeId], [contentTypeId], [propertyTypeGroupId], [Alias], [Name], [sortOrder], [mandatory], [validationRegExp], [Description], [UniqueID]) VALUES (33, -92, 1044, 11, N'umbracoMemberLastLogin', N'Last Login Date', 5, 0, NULL, NULL, N'00000021-0000-0000-0000-000000000000')
GO
INSERT [dbo].[cmsPropertyType] ([id], [dataTypeId], [contentTypeId], [propertyTypeGroupId], [Alias], [Name], [sortOrder], [mandatory], [validationRegExp], [Description], [UniqueID]) VALUES (34, -92, 1044, 11, N'umbracoMemberLastPasswordChangeDate', N'Last Password Change Date', 6, 0, NULL, NULL, N'00000022-0000-0000-0000-000000000000')
GO
INSERT [dbo].[cmsPropertyType] ([id], [dataTypeId], [contentTypeId], [propertyTypeGroupId], [Alias], [Name], [sortOrder], [mandatory], [validationRegExp], [Description], [UniqueID]) VALUES (35, -92, 1044, NULL, N'umbracoMemberPasswordRetrievalAnswer', N'Password Answer', 0, 0, NULL, NULL, N'17691017-4b82-4150-9083-43debe644191')
GO
INSERT [dbo].[cmsPropertyType] ([id], [dataTypeId], [contentTypeId], [propertyTypeGroupId], [Alias], [Name], [sortOrder], [mandatory], [validationRegExp], [Description], [UniqueID]) VALUES (36, -92, 1044, NULL, N'umbracoMemberPasswordRetrievalQuestion', N'Password Question', 1, 0, NULL, NULL, N'f4c35725-ab55-4f0b-ae45-0d9522863710')
GO
INSERT [dbo].[cmsPropertyType] ([id], [dataTypeId], [contentTypeId], [propertyTypeGroupId], [Alias], [Name], [sortOrder], [mandatory], [validationRegExp], [Description], [UniqueID]) VALUES (37, -88, 1052, 12, N'title', N'Title', 0, 0, NULL, NULL, N'62d19b38-20b0-49ca-a618-47584fe01dcc')
GO
INSERT [dbo].[cmsPropertyType] ([id], [dataTypeId], [contentTypeId], [propertyTypeGroupId], [Alias], [Name], [sortOrder], [mandatory], [validationRegExp], [Description], [UniqueID]) VALUES (38, -88, 1056, 13, N'title', N'Title', 0, 0, NULL, NULL, N'5f01b50a-b414-4117-8d26-3c40cd2bcd6a')
GO
INSERT [dbo].[cmsPropertyType] ([id], [dataTypeId], [contentTypeId], [propertyTypeGroupId], [Alias], [Name], [sortOrder], [mandatory], [validationRegExp], [Description], [UniqueID]) VALUES (39, -88, 1056, 13, N'loggedOutTitle', N'Logged Out Title', 1, 0, NULL, NULL, N'd406a1ad-face-434e-ad1b-c9125c9a883d')
GO
INSERT [dbo].[cmsPropertyType] ([id], [dataTypeId], [contentTypeId], [propertyTypeGroupId], [Alias], [Name], [sortOrder], [mandatory], [validationRegExp], [Description], [UniqueID]) VALUES (40, -89, 1052, 12, N'pageContent', N'Page Content', 1, 0, NULL, NULL, N'1a0daa73-5971-490a-8304-528628419eac')
GO
SET IDENTITY_INSERT [dbo].[cmsPropertyType] OFF
GO
SET IDENTITY_INSERT [dbo].[cmsPropertyTypeGroup] ON 
GO
INSERT [dbo].[cmsPropertyTypeGroup] ([id], [contenttypeNodeId], [text], [sortorder], [uniqueID]) VALUES (3, 1032, N'Image', 1, N'79ed4d07-254a-42cf-8fa9-ebe1c116a596')
GO
INSERT [dbo].[cmsPropertyTypeGroup] ([id], [contenttypeNodeId], [text], [sortorder], [uniqueID]) VALUES (4, 1033, N'File', 1, N'50899f9c-023a-4466-b623-aba9049885fe')
GO
INSERT [dbo].[cmsPropertyTypeGroup] ([id], [contenttypeNodeId], [text], [sortorder], [uniqueID]) VALUES (5, 1031, N'Contents', 1, N'79995fa2-63ee-453c-a29b-2e66f324cdbe')
GO
INSERT [dbo].[cmsPropertyTypeGroup] ([id], [contenttypeNodeId], [text], [sortorder], [uniqueID]) VALUES (11, 1044, N'Membership', 1, N'0756729d-d665-46e3-b84a-37aceaa614f8')
GO
INSERT [dbo].[cmsPropertyTypeGroup] ([id], [contenttypeNodeId], [text], [sortorder], [uniqueID]) VALUES (12, 1052, N'Content', 0, N'74b7ebd6-8e3b-44a7-bb03-6b5db92cf46f')
GO
INSERT [dbo].[cmsPropertyTypeGroup] ([id], [contenttypeNodeId], [text], [sortorder], [uniqueID]) VALUES (13, 1056, N'Content', 0, N'bb2a80b0-e5f7-44b2-80e0-67655a08a27b')
GO
SET IDENTITY_INSERT [dbo].[cmsPropertyTypeGroup] OFF
GO
SET IDENTITY_INSERT [dbo].[cmsTaskType] ON 
GO
INSERT [dbo].[cmsTaskType] ([id], [alias]) VALUES (1, N'toTranslate')
GO
SET IDENTITY_INSERT [dbo].[cmsTaskType] OFF
GO
SET IDENTITY_INSERT [dbo].[cmsTemplate] ON 
GO
INSERT [dbo].[cmsTemplate] ([pk], [nodeId], [alias], [design]) VALUES (1, 1051, N'Home', N'@inherits Umbraco.Web.Mvc.UmbracoTemplatePage<ContentModels.Home>
@using ContentModels = Umbraco.Web.PublishedContentModels;
@{
	Layout = "_Master.cshtml";
	
	var homepageTitle = Model.Content.GetPropertyValue("title");
}

<h1>@homepageTitle</h1>')
GO
INSERT [dbo].[cmsTemplate] ([pk], [nodeId], [alias], [design]) VALUES (2, 1053, N'_Master', N'@inherits Umbraco.Web.Mvc.UmbracoTemplatePage
@{
	Layout = null;
}

@* the fun starts here *@

@RenderBody()')
GO
INSERT [dbo].[cmsTemplate] ([pk], [nodeId], [alias], [design]) VALUES (3, 1055, N'Login', N'@inherits Umbraco.Web.Mvc.UmbracoTemplatePage
@{
    Layout = null;
}

@{ Html.RenderAction("RenderLogin", "Member"); }')
GO
SET IDENTITY_INSERT [dbo].[cmsTemplate] OFF
GO
SET IDENTITY_INSERT [dbo].[umbracoAudit] ON 
GO
INSERT [dbo].[umbracoAudit] ([id], [performingUserId], [performingDetails], [performingIp], [eventDateUtc], [affectedUserId], [affectedDetails], [eventType], [eventDetails]) VALUES (1, 0, N'User "Sam" <jabbaaah@hotmail.com>', N'::1', CAST(N'2020-08-18T18:16:41.337' AS DateTime), 0, N'User "Sam" <jabbaaah@hotmail.com>', N'umbraco/user/save', N'updating TourData, UpdateDate')
GO
INSERT [dbo].[umbracoAudit] ([id], [performingUserId], [performingDetails], [performingIp], [eventDateUtc], [affectedUserId], [affectedDetails], [eventType], [eventDetails]) VALUES (2, 0, N'User "SYSTEM" ', N'::1', CAST(N'2020-08-18T18:54:54.667' AS DateTime), 0, N'User "Sam" <jabbaaah@hotmail.com>', N'umbraco/user/save', N'updating LastLoginDate, UpdateDate')
GO
INSERT [dbo].[umbracoAudit] ([id], [performingUserId], [performingDetails], [performingIp], [eventDateUtc], [affectedUserId], [affectedDetails], [eventType], [eventDetails]) VALUES (3, 0, N'User "SYSTEM" ', N'::1', CAST(N'2020-08-18T18:54:54.673' AS DateTime), 0, N'User "Sam" <jabbaaah@hotmail.com>', N'umbraco/user/sign-in/login', N'login success')
GO
INSERT [dbo].[umbracoAudit] ([id], [performingUserId], [performingDetails], [performingIp], [eventDateUtc], [affectedUserId], [affectedDetails], [eventType], [eventDetails]) VALUES (4, 0, N'User "Sam" <jabbaaah@hotmail.com>', N'::1', CAST(N'2020-08-18T19:00:38.987' AS DateTime), -1, N'Member 1057 "Etain Member" <sales@etain-software.com>', N'umbraco/member/save', N'updating CreateDate, UpdateDate, ProviderUserKey, Id, HasIdentity, Path, Level, umbracoMemberPasswordRetrievalAnswer, umbracoMemberPasswordRetrievalQuestion, umbracoMemberComments, umbracoMemberFailedPasswordAttempts, umbracoMemberApproved, umbracoMemberLockedOut, umbracoMemberLastLockoutDate, umbracoMemberLastLogin, umbracoMemberLastPasswordChangeDate')
GO
INSERT [dbo].[umbracoAudit] ([id], [performingUserId], [performingDetails], [performingIp], [eventDateUtc], [affectedUserId], [affectedDetails], [eventType], [eventDetails]) VALUES (5, 0, N'User "Sam" <jabbaaah@hotmail.com>', N'::1', CAST(N'2020-08-18T19:00:39.020' AS DateTime), -1, N'Member 1057 "Etain Member" <sales@etain-software.com>', N'umbraco/member/save', N'updating UpdateDate, umbracoMemberPasswordRetrievalAnswer, umbracoMemberPasswordRetrievalQuestion, umbracoMemberComments, umbracoMemberFailedPasswordAttempts, umbracoMemberApproved, umbracoMemberLockedOut, umbracoMemberLastLockoutDate, umbracoMemberLastLogin, umbracoMemberLastPasswordChangeDate')
GO
INSERT [dbo].[umbracoAudit] ([id], [performingUserId], [performingDetails], [performingIp], [eventDateUtc], [affectedUserId], [affectedDetails], [eventType], [eventDetails]) VALUES (6, 0, N'User "Sam" <jabbaaah@hotmail.com>', N'::1', CAST(N'2020-08-18T19:00:39.140' AS DateTime), -1, N'Member 1057 "Etain Member" <sales@etain-software.com>', N'umbraco/member/save', N'updating UpdateDate, umbracoMemberComments')
GO
INSERT [dbo].[umbracoAudit] ([id], [performingUserId], [performingDetails], [performingIp], [eventDateUtc], [affectedUserId], [affectedDetails], [eventType], [eventDetails]) VALUES (7, 0, N'User "Sam" <jabbaaah@hotmail.com>', N'::1', CAST(N'2020-08-18T19:00:39.150' AS DateTime), -1, N'Member 1057 "Etain Member" <sales@etain-software.com>', N'umbraco/member/save', N'updating UpdateDate')
GO
INSERT [dbo].[umbracoAudit] ([id], [performingUserId], [performingDetails], [performingIp], [eventDateUtc], [affectedUserId], [affectedDetails], [eventType], [eventDetails]) VALUES (8, 0, N'User "SYSTEM" ', N'::1', CAST(N'2020-08-18T19:30:09.060' AS DateTime), 0, N'User "Sam" <jabbaaah@hotmail.com>', N'umbraco/user/save', N'updating LastLoginDate, UpdateDate')
GO
INSERT [dbo].[umbracoAudit] ([id], [performingUserId], [performingDetails], [performingIp], [eventDateUtc], [affectedUserId], [affectedDetails], [eventType], [eventDetails]) VALUES (9, 0, N'User "SYSTEM" ', N'::1', CAST(N'2020-08-18T19:30:09.090' AS DateTime), 0, N'User "Sam" <jabbaaah@hotmail.com>', N'umbraco/user/sign-in/login', N'login success')
GO
INSERT [dbo].[umbracoAudit] ([id], [performingUserId], [performingDetails], [performingIp], [eventDateUtc], [affectedUserId], [affectedDetails], [eventType], [eventDetails]) VALUES (10, 0, N'User "SYSTEM" ', N'::1', CAST(N'2020-08-18T20:16:33.180' AS DateTime), 0, N'User "Sam" <jabbaaah@hotmail.com>', N'umbraco/user/save', N'updating LastLoginDate, UpdateDate')
GO
INSERT [dbo].[umbracoAudit] ([id], [performingUserId], [performingDetails], [performingIp], [eventDateUtc], [affectedUserId], [affectedDetails], [eventType], [eventDetails]) VALUES (11, 0, N'User "SYSTEM" ', N'::1', CAST(N'2020-08-18T20:16:33.207' AS DateTime), 0, N'User "Sam" <jabbaaah@hotmail.com>', N'umbraco/user/sign-in/login', N'login success')
GO
INSERT [dbo].[umbracoAudit] ([id], [performingUserId], [performingDetails], [performingIp], [eventDateUtc], [affectedUserId], [affectedDetails], [eventType], [eventDetails]) VALUES (1002, 0, N'User "SYSTEM" ', N'::1', CAST(N'2020-08-19T08:43:12.690' AS DateTime), 0, N'User "Sam" <jabbaaah@hotmail.com>', N'umbraco/user/save', N'updating LastLoginDate, UpdateDate')
GO
INSERT [dbo].[umbracoAudit] ([id], [performingUserId], [performingDetails], [performingIp], [eventDateUtc], [affectedUserId], [affectedDetails], [eventType], [eventDetails]) VALUES (1003, 0, N'User "SYSTEM" ', N'::1', CAST(N'2020-08-19T08:43:12.733' AS DateTime), 0, N'User "Sam" <jabbaaah@hotmail.com>', N'umbraco/user/sign-in/login', N'login success')
GO
INSERT [dbo].[umbracoAudit] ([id], [performingUserId], [performingDetails], [performingIp], [eventDateUtc], [affectedUserId], [affectedDetails], [eventType], [eventDetails]) VALUES (1004, 0, N'User "SYSTEM" ', N'::1', CAST(N'2020-08-19T09:08:09.950' AS DateTime), 0, N'User "Sam" <jabbaaah@hotmail.com>', N'umbraco/user/save', N'updating LastLoginDate, UpdateDate')
GO
INSERT [dbo].[umbracoAudit] ([id], [performingUserId], [performingDetails], [performingIp], [eventDateUtc], [affectedUserId], [affectedDetails], [eventType], [eventDetails]) VALUES (1005, 0, N'User "SYSTEM" ', N'::1', CAST(N'2020-08-19T09:08:09.957' AS DateTime), 0, N'User "Sam" <jabbaaah@hotmail.com>', N'umbraco/user/sign-in/login', N'login success')
GO
INSERT [dbo].[umbracoAudit] ([id], [performingUserId], [performingDetails], [performingIp], [eventDateUtc], [affectedUserId], [affectedDetails], [eventType], [eventDetails]) VALUES (1006, 0, N'User "SYSTEM" ', N'::1', CAST(N'2020-08-19T09:34:27.763' AS DateTime), 0, N'User "Sam" <jabbaaah@hotmail.com>', N'umbraco/user/save', N'updating LastLoginDate, UpdateDate')
GO
INSERT [dbo].[umbracoAudit] ([id], [performingUserId], [performingDetails], [performingIp], [eventDateUtc], [affectedUserId], [affectedDetails], [eventType], [eventDetails]) VALUES (1007, 0, N'User "SYSTEM" ', N'::1', CAST(N'2020-08-19T09:34:27.770' AS DateTime), 0, N'User "Sam" <jabbaaah@hotmail.com>', N'umbraco/user/sign-in/login', N'login success')
GO
INSERT [dbo].[umbracoAudit] ([id], [performingUserId], [performingDetails], [performingIp], [eventDateUtc], [affectedUserId], [affectedDetails], [eventType], [eventDetails]) VALUES (1008, 0, N'User "SYSTEM" ', N'::1', CAST(N'2020-09-03T08:51:20.963' AS DateTime), 0, N'User "Sam" <jabbaaah@hotmail.com>', N'umbraco/user/save', N'updating LastLoginDate, UpdateDate')
GO
INSERT [dbo].[umbracoAudit] ([id], [performingUserId], [performingDetails], [performingIp], [eventDateUtc], [affectedUserId], [affectedDetails], [eventType], [eventDetails]) VALUES (1009, 0, N'User "SYSTEM" ', N'::1', CAST(N'2020-09-03T08:51:21.013' AS DateTime), 0, N'User "Sam" <jabbaaah@hotmail.com>', N'umbraco/user/sign-in/login', N'login success')
GO
INSERT [dbo].[umbracoAudit] ([id], [performingUserId], [performingDetails], [performingIp], [eventDateUtc], [affectedUserId], [affectedDetails], [eventType], [eventDetails]) VALUES (1010, 0, N'User "Sam" <jabbaaah@hotmail.com>', N'::1', CAST(N'2020-09-03T08:51:39.053' AS DateTime), -1, N'Member 1057 "Admin Member" <sales@etain-software.com>', N'umbraco/member/save', N'updating Name, UpdateDate')
GO
INSERT [dbo].[umbracoAudit] ([id], [performingUserId], [performingDetails], [performingIp], [eventDateUtc], [affectedUserId], [affectedDetails], [eventType], [eventDetails]) VALUES (1011, 0, N'User "Sam" <jabbaaah@hotmail.com>', N'::1', CAST(N'2020-09-03T08:52:02.090' AS DateTime), -1, N'Member 1057 "Admin Member" <jabbaaah@hotmail.com>', N'umbraco/member/save', N'updating Email, UpdateDate')
GO
INSERT [dbo].[umbracoAudit] ([id], [performingUserId], [performingDetails], [performingIp], [eventDateUtc], [affectedUserId], [affectedDetails], [eventType], [eventDetails]) VALUES (1012, 0, N'User "Sam" <jabbaaah@hotmail.com>', N'::1', CAST(N'2020-09-03T08:52:02.103' AS DateTime), -1, N'Member 1057 "Admin Member" <jabbaaah@hotmail.com>', N'umbraco/member/save', N'updating Username, UpdateDate')
GO
INSERT [dbo].[umbracoAudit] ([id], [performingUserId], [performingDetails], [performingIp], [eventDateUtc], [affectedUserId], [affectedDetails], [eventType], [eventDetails]) VALUES (1013, 0, N'User "Sam" <jabbaaah@hotmail.com>', N'::1', CAST(N'2020-09-03T08:53:27.943' AS DateTime), 1, N'User "Admin" <admin@sew.com>', N'umbraco/user/save', N'updating SessionTimeout, SecurityStamp, CreateDate, UpdateDate, Id, HasIdentity')
GO
INSERT [dbo].[umbracoAudit] ([id], [performingUserId], [performingDetails], [performingIp], [eventDateUtc], [affectedUserId], [affectedDetails], [eventType], [eventDetails]) VALUES (1014, 0, N'User "Sam" <jabbaaah@hotmail.com>', N'::1', CAST(N'2020-09-03T08:53:27.967' AS DateTime), 1, N'User "Admin" <admin@sew.com>', N'umbraco/user/save', N'updating LastPasswordChangeDate, RawPasswordValue, SecurityStamp, UpdateDate')
GO
INSERT [dbo].[umbracoAudit] ([id], [performingUserId], [performingDetails], [performingIp], [eventDateUtc], [affectedUserId], [affectedDetails], [eventType], [eventDetails]) VALUES (1015, 0, N'User "Sam" <jabbaaah@hotmail.com>', N'::1', CAST(N'2020-09-03T08:53:27.987' AS DateTime), 1, N'User "Admin" <admin@sew.com>', N'umbraco/user/save', N'updating Key, IsApproved, Groups, UpdateDate; groups assigned: admin')
GO
INSERT [dbo].[umbracoAudit] ([id], [performingUserId], [performingDetails], [performingIp], [eventDateUtc], [affectedUserId], [affectedDetails], [eventType], [eventDetails]) VALUES (1016, 0, N'User "Sam" <jabbaaah@hotmail.com>', N'::1', CAST(N'2020-09-03T08:53:50.930' AS DateTime), 0, N'User "Sam" <jabbaaah@hotmail.com>', N'umbraco/user/sign-in/logout', N'logout success')
GO
INSERT [dbo].[umbracoAudit] ([id], [performingUserId], [performingDetails], [performingIp], [eventDateUtc], [affectedUserId], [affectedDetails], [eventType], [eventDetails]) VALUES (1017, 0, N'User "SYSTEM" ', N'::1', CAST(N'2020-09-03T08:53:59.040' AS DateTime), 1, N'User "Admin" <admin@sew.com>', N'umbraco/user/save', N'updating LastLoginDate, UpdateDate')
GO
INSERT [dbo].[umbracoAudit] ([id], [performingUserId], [performingDetails], [performingIp], [eventDateUtc], [affectedUserId], [affectedDetails], [eventType], [eventDetails]) VALUES (1018, 0, N'User "SYSTEM" ', N'::1', CAST(N'2020-09-03T08:53:59.047' AS DateTime), 1, N'User "Admin" <admin@sew.com>', N'umbraco/user/sign-in/login', N'login success')
GO
SET IDENTITY_INSERT [dbo].[umbracoAudit] OFF
GO
SET IDENTITY_INSERT [dbo].[umbracoCacheInstruction] ON 
GO
INSERT [dbo].[umbracoCacheInstruction] ([id], [utcStamp], [jsonInstruction], [originated], [instructionCount]) VALUES (1003, CAST(N'2020-09-03T08:51:39.073' AS DateTime), N'[{"RefreshType":3,"RefresherId":"e285df34-acdc-4226-ae32-c0cb5cf388da","GuidId":"00000000-0000-0000-0000-000000000000","IntId":0,"JsonIds":"[1057]","JsonIdCount":1,"JsonPayload":null}]', N'DESKTOP-4IKNA1Q//LM/W3SVC/2/ROOT [P20148/D4] 8E329BA52D0F47F9BCC13EB24A6FC968', 1)
GO
INSERT [dbo].[umbracoCacheInstruction] ([id], [utcStamp], [jsonInstruction], [originated], [instructionCount]) VALUES (1004, CAST(N'2020-09-03T08:52:02.110' AS DateTime), N'[{"RefreshType":3,"RefresherId":"e285df34-acdc-4226-ae32-c0cb5cf388da","GuidId":"00000000-0000-0000-0000-000000000000","IntId":0,"JsonIds":"[1057]","JsonIdCount":1,"JsonPayload":null},{"RefreshType":3,"RefresherId":"e285df34-acdc-4226-ae32-c0cb5cf388da","GuidId":"00000000-0000-0000-0000-000000000000","IntId":0,"JsonIds":"[1057]","JsonIdCount":1,"JsonPayload":null}]', N'DESKTOP-4IKNA1Q//LM/W3SVC/2/ROOT [P20148/D4] 8E329BA52D0F47F9BCC13EB24A6FC968', 2)
GO
INSERT [dbo].[umbracoCacheInstruction] ([id], [utcStamp], [jsonInstruction], [originated], [instructionCount]) VALUES (1005, CAST(N'2020-09-03T08:53:28.197' AS DateTime), N'[{"RefreshType":3,"RefresherId":"e057af6d-2ee6-41f4-8045-3694010f0aa6","GuidId":"00000000-0000-0000-0000-000000000000","IntId":0,"JsonIds":"[1]","JsonIdCount":1,"JsonPayload":null},{"RefreshType":3,"RefresherId":"e057af6d-2ee6-41f4-8045-3694010f0aa6","GuidId":"00000000-0000-0000-0000-000000000000","IntId":0,"JsonIds":"[1]","JsonIdCount":1,"JsonPayload":null},{"RefreshType":3,"RefresherId":"e057af6d-2ee6-41f4-8045-3694010f0aa6","GuidId":"00000000-0000-0000-0000-000000000000","IntId":0,"JsonIds":"[1]","JsonIdCount":1,"JsonPayload":null}]', N'DESKTOP-4IKNA1Q//LM/W3SVC/2/ROOT [P20148/D4] 8E329BA52D0F47F9BCC13EB24A6FC968', 3)
GO
INSERT [dbo].[umbracoCacheInstruction] ([id], [utcStamp], [jsonInstruction], [originated], [instructionCount]) VALUES (1006, CAST(N'2020-09-03T08:53:59.053' AS DateTime), N'[{"RefreshType":3,"RefresherId":"e057af6d-2ee6-41f4-8045-3694010f0aa6","GuidId":"00000000-0000-0000-0000-000000000000","IntId":0,"JsonIds":"[1]","JsonIdCount":1,"JsonPayload":null}]', N'DESKTOP-4IKNA1Q//LM/W3SVC/2/ROOT [P20148/D4] 8E329BA52D0F47F9BCC13EB24A6FC968', 1)
GO
SET IDENTITY_INSERT [dbo].[umbracoCacheInstruction] OFF
GO
SET IDENTITY_INSERT [dbo].[umbracoLanguage] ON 
GO
INSERT [dbo].[umbracoLanguage] ([id], [languageISOCode], [languageCultureName]) VALUES (1, N'en-US', N'en-US')
GO
SET IDENTITY_INSERT [dbo].[umbracoLanguage] OFF
GO
SET IDENTITY_INSERT [dbo].[umbracoLock] ON 
GO
INSERT [dbo].[umbracoLock] ([id], [value], [name]) VALUES (-331, -1, N'Servers')
GO
SET IDENTITY_INSERT [dbo].[umbracoLock] OFF
GO
SET IDENTITY_INSERT [dbo].[umbracoLog] ON 
GO
INSERT [dbo].[umbracoLog] ([id], [userId], [NodeId], [Datestamp], [logHeader], [logComment]) VALUES (1, 0, 0, CAST(N'2020-08-18T19:17:13.260' AS DateTime), N'Save', N'Save Template performed by user')
GO
INSERT [dbo].[umbracoLog] ([id], [userId], [NodeId], [Datestamp], [logHeader], [logComment]) VALUES (2, 0, 1052, CAST(N'2020-08-18T19:17:13.327' AS DateTime), N'Save', N'Save ContentType performed by user')
GO
INSERT [dbo].[umbracoLog] ([id], [userId], [NodeId], [Datestamp], [logHeader], [logComment]) VALUES (3, 0, 0, CAST(N'2020-08-18T19:17:23.780' AS DateTime), N'Save', N'Save Template performed by user')
GO
INSERT [dbo].[umbracoLog] ([id], [userId], [NodeId], [Datestamp], [logHeader], [logComment]) VALUES (4, 0, 1051, CAST(N'2020-08-18T19:17:29.173' AS DateTime), N'Save', N'Save Template performed by user')
GO
INSERT [dbo].[umbracoLog] ([id], [userId], [NodeId], [Datestamp], [logHeader], [logComment]) VALUES (5, 0, 1052, CAST(N'2020-08-18T19:17:36.797' AS DateTime), N'Save', N'Save ContentType performed by user')
GO
INSERT [dbo].[umbracoLog] ([id], [userId], [NodeId], [Datestamp], [logHeader], [logComment]) VALUES (6, 0, 1054, CAST(N'2020-08-18T19:17:55.083' AS DateTime), N'Publish', N'Save and Publish performed by user')
GO
INSERT [dbo].[umbracoLog] ([id], [userId], [NodeId], [Datestamp], [logHeader], [logComment]) VALUES (7, 0, 1051, CAST(N'2020-08-18T19:18:38.717' AS DateTime), N'Save', N'Save Template performed by user')
GO
INSERT [dbo].[umbracoLog] ([id], [userId], [NodeId], [Datestamp], [logHeader], [logComment]) VALUES (8, 0, 1051, CAST(N'2020-08-18T19:19:02.367' AS DateTime), N'Save', N'Save Template performed by user')
GO
INSERT [dbo].[umbracoLog] ([id], [userId], [NodeId], [Datestamp], [logHeader], [logComment]) VALUES (9, 0, 1051, CAST(N'2020-08-18T19:19:18.720' AS DateTime), N'Save', N'Save Template performed by user')
GO
INSERT [dbo].[umbracoLog] ([id], [userId], [NodeId], [Datestamp], [logHeader], [logComment]) VALUES (10, 0, 1053, CAST(N'2020-08-18T19:19:41.710' AS DateTime), N'Save', N'Save Template performed by user')
GO
INSERT [dbo].[umbracoLog] ([id], [userId], [NodeId], [Datestamp], [logHeader], [logComment]) VALUES (11, 0, 1053, CAST(N'2020-08-18T19:19:47.837' AS DateTime), N'Save', N'Save Template performed by user')
GO
INSERT [dbo].[umbracoLog] ([id], [userId], [NodeId], [Datestamp], [logHeader], [logComment]) VALUES (12, 0, -1, CAST(N'2020-08-18T19:55:12.407' AS DateTime), N'Save', N'Save PartialView performed by user')
GO
INSERT [dbo].[umbracoLog] ([id], [userId], [NodeId], [Datestamp], [logHeader], [logComment]) VALUES (13, 0, -1, CAST(N'2020-08-18T19:55:39.923' AS DateTime), N'Save', N'Save PartialView performed by user')
GO
INSERT [dbo].[umbracoLog] ([id], [userId], [NodeId], [Datestamp], [logHeader], [logComment]) VALUES (14, 0, 0, CAST(N'2020-08-18T19:56:01.090' AS DateTime), N'Save', N'Save Template performed by user')
GO
INSERT [dbo].[umbracoLog] ([id], [userId], [NodeId], [Datestamp], [logHeader], [logComment]) VALUES (15, 0, 1055, CAST(N'2020-08-18T19:56:08.767' AS DateTime), N'Save', N'Save Template performed by user')
GO
INSERT [dbo].[umbracoLog] ([id], [userId], [NodeId], [Datestamp], [logHeader], [logComment]) VALUES (16, 0, 1056, CAST(N'2020-08-18T19:56:43.087' AS DateTime), N'Save', N'Save ContentType performed by user')
GO
INSERT [dbo].[umbracoLog] ([id], [userId], [NodeId], [Datestamp], [logHeader], [logComment]) VALUES (17, 0, 1056, CAST(N'2020-08-18T19:56:49.210' AS DateTime), N'Save', N'Save ContentType performed by user')
GO
INSERT [dbo].[umbracoLog] ([id], [userId], [NodeId], [Datestamp], [logHeader], [logComment]) VALUES (18, 0, 1052, CAST(N'2020-08-18T19:57:02.190' AS DateTime), N'Save', N'Save ContentType performed by user')
GO
INSERT [dbo].[umbracoLog] ([id], [userId], [NodeId], [Datestamp], [logHeader], [logComment]) VALUES (19, 0, 1058, CAST(N'2020-08-18T20:10:22.463' AS DateTime), N'Publish', N'Save and Publish performed by user')
GO
INSERT [dbo].[umbracoLog] ([id], [userId], [NodeId], [Datestamp], [logHeader], [logComment]) VALUES (20, 0, 1056, CAST(N'2020-08-18T20:13:47.470' AS DateTime), N'Save', N'Save ContentType performed by user')
GO
INSERT [dbo].[umbracoLog] ([id], [userId], [NodeId], [Datestamp], [logHeader], [logComment]) VALUES (21, 0, 1052, CAST(N'2020-08-18T20:13:53.073' AS DateTime), N'Save', N'Save ContentType performed by user')
GO
INSERT [dbo].[umbracoLog] ([id], [userId], [NodeId], [Datestamp], [logHeader], [logComment]) VALUES (22, 0, 1058, CAST(N'2020-08-18T20:14:00.783' AS DateTime), N'UnPublish', N'UnPublish performed by user')
GO
INSERT [dbo].[umbracoLog] ([id], [userId], [NodeId], [Datestamp], [logHeader], [logComment]) VALUES (23, 0, 1058, CAST(N'2020-08-18T20:14:00.787' AS DateTime), N'Move', N'Move Content to Recycle Bin performed by user')
GO
INSERT [dbo].[umbracoLog] ([id], [userId], [NodeId], [Datestamp], [logHeader], [logComment]) VALUES (24, 0, 1058, CAST(N'2020-08-18T20:14:00.947' AS DateTime), N'Delete', N'Trashed content with Id: 1058 related to original parent content with Id: 1054')
GO
INSERT [dbo].[umbracoLog] ([id], [userId], [NodeId], [Datestamp], [logHeader], [logComment]) VALUES (25, 0, 1059, CAST(N'2020-08-18T20:14:07.720' AS DateTime), N'Publish', N'Save and Publish performed by user')
GO
INSERT [dbo].[umbracoLog] ([id], [userId], [NodeId], [Datestamp], [logHeader], [logComment]) VALUES (26, 0, 1056, CAST(N'2020-08-18T20:14:17.793' AS DateTime), N'Save', N'Save ContentType performed by user')
GO
INSERT [dbo].[umbracoLog] ([id], [userId], [NodeId], [Datestamp], [logHeader], [logComment]) VALUES (27, 0, 1054, CAST(N'2020-08-18T20:14:36.147' AS DateTime), N'Publish', N'Save and Publish performed by user')
GO
INSERT [dbo].[umbracoLog] ([id], [userId], [NodeId], [Datestamp], [logHeader], [logComment]) VALUES (28, 0, 1054, CAST(N'2020-08-18T20:14:36.157' AS DateTime), N'Move', N'Move Content performed by user')
GO
INSERT [dbo].[umbracoLog] ([id], [userId], [NodeId], [Datestamp], [logHeader], [logComment]) VALUES (29, 0, 1059, CAST(N'2020-08-18T20:30:22.900' AS DateTime), N'Publish', N'Save and Publish performed by user')
GO
INSERT [dbo].[umbracoLog] ([id], [userId], [NodeId], [Datestamp], [logHeader], [logComment]) VALUES (30, 0, 1056, CAST(N'2020-08-18T20:34:42.170' AS DateTime), N'Save', N'Save ContentType performed by user')
GO
INSERT [dbo].[umbracoLog] ([id], [userId], [NodeId], [Datestamp], [logHeader], [logComment]) VALUES (31, 0, 1059, CAST(N'2020-08-18T20:36:25.180' AS DateTime), N'Publish', N'Save and Publish performed by user')
GO
INSERT [dbo].[umbracoLog] ([id], [userId], [NodeId], [Datestamp], [logHeader], [logComment]) VALUES (32, 0, 1052, CAST(N'2020-08-18T20:37:19.843' AS DateTime), N'Save', N'Save ContentType performed by user')
GO
INSERT [dbo].[umbracoLog] ([id], [userId], [NodeId], [Datestamp], [logHeader], [logComment]) VALUES (33, 0, 1054, CAST(N'2020-08-18T20:37:58.890' AS DateTime), N'Publish', N'Save and Publish performed by user')
GO
INSERT [dbo].[umbracoLog] ([id], [userId], [NodeId], [Datestamp], [logHeader], [logComment]) VALUES (34, 0, 1054, CAST(N'2020-08-18T20:38:34.683' AS DateTime), N'Publish', N'Save and Publish performed by user')
GO
INSERT [dbo].[umbracoLog] ([id], [userId], [NodeId], [Datestamp], [logHeader], [logComment]) VALUES (35, 0, -1, CAST(N'2020-08-18T21:16:54.197' AS DateTime), N'Save', N'Save PartialView performed by user')
GO
INSERT [dbo].[umbracoLog] ([id], [userId], [NodeId], [Datestamp], [logHeader], [logComment]) VALUES (1002, 0, 1054, CAST(N'2020-08-19T10:08:30.807' AS DateTime), N'Publish', N'Save and Publish performed by user')
GO
SET IDENTITY_INSERT [dbo].[umbracoLog] OFF
GO
SET IDENTITY_INSERT [dbo].[umbracoMigration] ON 
GO
INSERT [dbo].[umbracoMigration] ([id], [name], [createDate], [version]) VALUES (1, N'Umbraco', CAST(N'2020-08-18T19:14:14.410' AS DateTime), N'7.15.5')
GO
SET IDENTITY_INSERT [dbo].[umbracoMigration] OFF
GO
SET IDENTITY_INSERT [dbo].[umbracoNode] ON 
GO
INSERT [dbo].[umbracoNode] ([id], [trashed], [parentID], [nodeUser], [level], [path], [sortOrder], [uniqueID], [text], [nodeObjectType], [createDate]) VALUES (-97, 0, -1, 0, 1, N'-1,-97', 2, N'aa2c52a0-ce87-4e65-a47c-7df09358585d', N'List View - Members', N'30a2a501-1978-4ddb-a57b-f7efed43ba3c', CAST(N'2020-08-18T19:14:13.887' AS DateTime))
GO
INSERT [dbo].[umbracoNode] ([id], [trashed], [parentID], [nodeUser], [level], [path], [sortOrder], [uniqueID], [text], [nodeObjectType], [createDate]) VALUES (-96, 0, -1, 0, 1, N'-1,-96', 2, N'3a0156c4-3b8c-4803-bdc1-6871faa83fff', N'List View - Media', N'30a2a501-1978-4ddb-a57b-f7efed43ba3c', CAST(N'2020-08-18T19:14:13.883' AS DateTime))
GO
INSERT [dbo].[umbracoNode] ([id], [trashed], [parentID], [nodeUser], [level], [path], [sortOrder], [uniqueID], [text], [nodeObjectType], [createDate]) VALUES (-95, 0, -1, 0, 1, N'-1,-95', 2, N'c0808dd3-8133-4e4b-8ce8-e2bea84a96a4', N'List View - Content', N'30a2a501-1978-4ddb-a57b-f7efed43ba3c', CAST(N'2020-08-18T19:14:13.883' AS DateTime))
GO
INSERT [dbo].[umbracoNode] ([id], [trashed], [parentID], [nodeUser], [level], [path], [sortOrder], [uniqueID], [text], [nodeObjectType], [createDate]) VALUES (-92, 0, -1, 0, 1, N'-1,-92', 35, N'f0bc4bfb-b499-40d6-ba86-058885a5178c', N'Label', N'30a2a501-1978-4ddb-a57b-f7efed43ba3c', CAST(N'2020-08-18T19:14:13.877' AS DateTime))
GO
INSERT [dbo].[umbracoNode] ([id], [trashed], [parentID], [nodeUser], [level], [path], [sortOrder], [uniqueID], [text], [nodeObjectType], [createDate]) VALUES (-90, 0, -1, 0, 1, N'-1,-90', 34, N'84c6b441-31df-4ffe-b67e-67d5bc3ae65a', N'Upload', N'30a2a501-1978-4ddb-a57b-f7efed43ba3c', CAST(N'2020-08-18T19:14:13.880' AS DateTime))
GO
INSERT [dbo].[umbracoNode] ([id], [trashed], [parentID], [nodeUser], [level], [path], [sortOrder], [uniqueID], [text], [nodeObjectType], [createDate]) VALUES (-89, 0, -1, 0, 1, N'-1,-89', 33, N'c6bac0dd-4ab9-45b1-8e30-e4b619ee5da3', N'Textarea', N'30a2a501-1978-4ddb-a57b-f7efed43ba3c', CAST(N'2020-08-18T19:14:13.880' AS DateTime))
GO
INSERT [dbo].[umbracoNode] ([id], [trashed], [parentID], [nodeUser], [level], [path], [sortOrder], [uniqueID], [text], [nodeObjectType], [createDate]) VALUES (-88, 0, -1, 0, 1, N'-1,-88', 32, N'0cc0eba1-9960-42c9-bf9b-60e150b429ae', N'Textstring', N'30a2a501-1978-4ddb-a57b-f7efed43ba3c', CAST(N'2020-08-18T19:14:13.880' AS DateTime))
GO
INSERT [dbo].[umbracoNode] ([id], [trashed], [parentID], [nodeUser], [level], [path], [sortOrder], [uniqueID], [text], [nodeObjectType], [createDate]) VALUES (-87, 0, -1, 0, 1, N'-1,-87', 4, N'ca90c950-0aff-4e72-b976-a30b1ac57dad', N'Richtext editor', N'30a2a501-1978-4ddb-a57b-f7efed43ba3c', CAST(N'2020-08-18T19:14:13.880' AS DateTime))
GO
INSERT [dbo].[umbracoNode] ([id], [trashed], [parentID], [nodeUser], [level], [path], [sortOrder], [uniqueID], [text], [nodeObjectType], [createDate]) VALUES (-51, 0, -1, 0, 1, N'-1,-51', 2, N'2e6d3631-066e-44b8-aec4-96f09099b2b5', N'Numeric', N'30a2a501-1978-4ddb-a57b-f7efed43ba3c', CAST(N'2020-08-18T19:14:13.880' AS DateTime))
GO
INSERT [dbo].[umbracoNode] ([id], [trashed], [parentID], [nodeUser], [level], [path], [sortOrder], [uniqueID], [text], [nodeObjectType], [createDate]) VALUES (-49, 0, -1, 0, 1, N'-1,-49', 2, N'92897bc6-a5f3-4ffe-ae27-f2e7e33dda49', N'Checkbox', N'30a2a501-1978-4ddb-a57b-f7efed43ba3c', CAST(N'2020-08-18T19:14:13.880' AS DateTime))
GO
INSERT [dbo].[umbracoNode] ([id], [trashed], [parentID], [nodeUser], [level], [path], [sortOrder], [uniqueID], [text], [nodeObjectType], [createDate]) VALUES (-43, 0, -1, 0, 1, N'-1,-43', 2, N'fbaf13a8-4036-41f2-93a3-974f678c312a', N'Checkbox list', N'30a2a501-1978-4ddb-a57b-f7efed43ba3c', CAST(N'2020-08-18T19:14:13.880' AS DateTime))
GO
INSERT [dbo].[umbracoNode] ([id], [trashed], [parentID], [nodeUser], [level], [path], [sortOrder], [uniqueID], [text], [nodeObjectType], [createDate]) VALUES (-42, 0, -1, 0, 1, N'-1,-42', 2, N'0b6a45e7-44ba-430d-9da5-4e46060b9e03', N'Dropdown', N'30a2a501-1978-4ddb-a57b-f7efed43ba3c', CAST(N'2020-08-18T19:14:13.883' AS DateTime))
GO
INSERT [dbo].[umbracoNode] ([id], [trashed], [parentID], [nodeUser], [level], [path], [sortOrder], [uniqueID], [text], [nodeObjectType], [createDate]) VALUES (-41, 0, -1, 0, 1, N'-1,-41', 2, N'5046194e-4237-453c-a547-15db3a07c4e1', N'Date Picker', N'30a2a501-1978-4ddb-a57b-f7efed43ba3c', CAST(N'2020-08-18T19:14:13.883' AS DateTime))
GO
INSERT [dbo].[umbracoNode] ([id], [trashed], [parentID], [nodeUser], [level], [path], [sortOrder], [uniqueID], [text], [nodeObjectType], [createDate]) VALUES (-40, 0, -1, 0, 1, N'-1,-40', 2, N'bb5f57c9-ce2b-4bb9-b697-4caca783a805', N'Radiobox', N'30a2a501-1978-4ddb-a57b-f7efed43ba3c', CAST(N'2020-08-18T19:14:13.883' AS DateTime))
GO
INSERT [dbo].[umbracoNode] ([id], [trashed], [parentID], [nodeUser], [level], [path], [sortOrder], [uniqueID], [text], [nodeObjectType], [createDate]) VALUES (-39, 0, -1, 0, 1, N'-1,-39', 2, N'f38f0ac7-1d27-439c-9f3f-089cd8825a53', N'Dropdown multiple', N'30a2a501-1978-4ddb-a57b-f7efed43ba3c', CAST(N'2020-08-18T19:14:13.883' AS DateTime))
GO
INSERT [dbo].[umbracoNode] ([id], [trashed], [parentID], [nodeUser], [level], [path], [sortOrder], [uniqueID], [text], [nodeObjectType], [createDate]) VALUES (-37, 0, -1, 0, 1, N'-1,-37', 2, N'0225af17-b302-49cb-9176-b9f35cab9c17', N'Approved Color', N'30a2a501-1978-4ddb-a57b-f7efed43ba3c', CAST(N'2020-08-18T19:14:13.883' AS DateTime))
GO
INSERT [dbo].[umbracoNode] ([id], [trashed], [parentID], [nodeUser], [level], [path], [sortOrder], [uniqueID], [text], [nodeObjectType], [createDate]) VALUES (-36, 0, -1, 0, 1, N'-1,-36', 2, N'e4d66c0f-b935-4200-81f0-025f7256b89a', N'Date Picker with time', N'30a2a501-1978-4ddb-a57b-f7efed43ba3c', CAST(N'2020-08-18T19:14:13.883' AS DateTime))
GO
INSERT [dbo].[umbracoNode] ([id], [trashed], [parentID], [nodeUser], [level], [path], [sortOrder], [uniqueID], [text], [nodeObjectType], [createDate]) VALUES (-21, 0, -1, 0, 0, N'-1,-21', 0, N'bf7c7cbc-952f-4518-97a2-69e9c7b33842', N'Recycle Bin', N'cf3d8e34-1c1c-41e9-ae56-878b57b32113', CAST(N'2020-08-18T19:14:13.877' AS DateTime))
GO
INSERT [dbo].[umbracoNode] ([id], [trashed], [parentID], [nodeUser], [level], [path], [sortOrder], [uniqueID], [text], [nodeObjectType], [createDate]) VALUES (-20, 0, -1, 0, 0, N'-1,-20', 0, N'0f582a79-1e41-4cf0-bfa0-76340651891a', N'Recycle Bin', N'01bb7ff2-24dc-4c0c-95a2-c24ef72bbac8', CAST(N'2020-08-18T19:14:13.877' AS DateTime))
GO
INSERT [dbo].[umbracoNode] ([id], [trashed], [parentID], [nodeUser], [level], [path], [sortOrder], [uniqueID], [text], [nodeObjectType], [createDate]) VALUES (-1, 0, -1, 0, 0, N'-1', 0, N'916724a5-173d-4619-b97e-b9de133dd6f5', N'SYSTEM DATA: umbraco master root', N'ea7d8624-4cfe-4578-a871-24aa946bf34d', CAST(N'2020-08-18T19:14:13.867' AS DateTime))
GO
INSERT [dbo].[umbracoNode] ([id], [trashed], [parentID], [nodeUser], [level], [path], [sortOrder], [uniqueID], [text], [nodeObjectType], [createDate]) VALUES (1031, 0, -1, 0, 1, N'-1,1031', 2, N'f38bd2d7-65d0-48e6-95dc-87ce06ec2d3d', N'Folder', N'4ea4382b-2f5a-4c2b-9587-ae9b3cf3602e', CAST(N'2020-08-18T19:14:13.887' AS DateTime))
GO
INSERT [dbo].[umbracoNode] ([id], [trashed], [parentID], [nodeUser], [level], [path], [sortOrder], [uniqueID], [text], [nodeObjectType], [createDate]) VALUES (1032, 0, -1, 0, 1, N'-1,1032', 2, N'cc07b313-0843-4aa8-bbda-871c8da728c8', N'Image', N'4ea4382b-2f5a-4c2b-9587-ae9b3cf3602e', CAST(N'2020-08-18T19:14:13.887' AS DateTime))
GO
INSERT [dbo].[umbracoNode] ([id], [trashed], [parentID], [nodeUser], [level], [path], [sortOrder], [uniqueID], [text], [nodeObjectType], [createDate]) VALUES (1033, 0, -1, 0, 1, N'-1,1033', 2, N'4c52d8ab-54e6-40cd-999c-7a5f24903e4d', N'File', N'4ea4382b-2f5a-4c2b-9587-ae9b3cf3602e', CAST(N'2020-08-18T19:14:13.887' AS DateTime))
GO
INSERT [dbo].[umbracoNode] ([id], [trashed], [parentID], [nodeUser], [level], [path], [sortOrder], [uniqueID], [text], [nodeObjectType], [createDate]) VALUES (1041, 0, -1, 0, 1, N'-1,1041', 2, N'b6b73142-b9c1-4bf8-a16d-e1c23320b549', N'Tags', N'30a2a501-1978-4ddb-a57b-f7efed43ba3c', CAST(N'2020-08-18T19:14:13.887' AS DateTime))
GO
INSERT [dbo].[umbracoNode] ([id], [trashed], [parentID], [nodeUser], [level], [path], [sortOrder], [uniqueID], [text], [nodeObjectType], [createDate]) VALUES (1043, 0, -1, 0, 1, N'-1,1043', 2, N'1df9f033-e6d4-451f-b8d2-e0cbc50a836f', N'Image Cropper', N'30a2a501-1978-4ddb-a57b-f7efed43ba3c', CAST(N'2020-08-18T19:14:13.887' AS DateTime))
GO
INSERT [dbo].[umbracoNode] ([id], [trashed], [parentID], [nodeUser], [level], [path], [sortOrder], [uniqueID], [text], [nodeObjectType], [createDate]) VALUES (1044, 0, -1, 0, 1, N'-1,1044', 0, N'd59be02f-1df9-4228-aa1e-01917d806cda', N'Member', N'9b5416fb-e72f-45a9-a07b-5a9a2709ce43', CAST(N'2020-08-18T19:14:13.890' AS DateTime))
GO
INSERT [dbo].[umbracoNode] ([id], [trashed], [parentID], [nodeUser], [level], [path], [sortOrder], [uniqueID], [text], [nodeObjectType], [createDate]) VALUES (1046, 0, -1, 0, 1, N'-1,1046', 2, N'fd1e0da5-5606-4862-b679-5d0cf3a52a59', N'Content Picker', N'30a2a501-1978-4ddb-a57b-f7efed43ba3c', CAST(N'2020-08-18T19:14:13.890' AS DateTime))
GO
INSERT [dbo].[umbracoNode] ([id], [trashed], [parentID], [nodeUser], [level], [path], [sortOrder], [uniqueID], [text], [nodeObjectType], [createDate]) VALUES (1047, 0, -1, 0, 1, N'-1,1047', 2, N'1ea2e01f-ebd8-4ce1-8d71-6b1149e63548', N'Member Picker', N'30a2a501-1978-4ddb-a57b-f7efed43ba3c', CAST(N'2020-08-18T19:14:13.890' AS DateTime))
GO
INSERT [dbo].[umbracoNode] ([id], [trashed], [parentID], [nodeUser], [level], [path], [sortOrder], [uniqueID], [text], [nodeObjectType], [createDate]) VALUES (1048, 0, -1, 0, 1, N'-1,1048', 2, N'135d60e0-64d9-49ed-ab08-893c9ba44ae5', N'Media Picker', N'30a2a501-1978-4ddb-a57b-f7efed43ba3c', CAST(N'2020-08-18T19:14:13.890' AS DateTime))
GO
INSERT [dbo].[umbracoNode] ([id], [trashed], [parentID], [nodeUser], [level], [path], [sortOrder], [uniqueID], [text], [nodeObjectType], [createDate]) VALUES (1049, 0, -1, 0, 1, N'-1,1049', 2, N'9dbbcbbb-2327-434a-b355-af1b84e5010a', N'Multiple Media Picker', N'30a2a501-1978-4ddb-a57b-f7efed43ba3c', CAST(N'2020-08-18T19:14:13.890' AS DateTime))
GO
INSERT [dbo].[umbracoNode] ([id], [trashed], [parentID], [nodeUser], [level], [path], [sortOrder], [uniqueID], [text], [nodeObjectType], [createDate]) VALUES (1050, 0, -1, 0, 1, N'-1,1050', 2, N'b4e3535a-1753-47e2-8568-602cf8cfee6f', N'Related Links', N'30a2a501-1978-4ddb-a57b-f7efed43ba3c', CAST(N'2020-08-18T19:14:13.890' AS DateTime))
GO
INSERT [dbo].[umbracoNode] ([id], [trashed], [parentID], [nodeUser], [level], [path], [sortOrder], [uniqueID], [text], [nodeObjectType], [createDate]) VALUES (1051, 0, 1053, NULL, 1, N'-1,1053,1051', 0, N'0c9bfea0-e376-4892-9335-5661c36bff74', N'Home', N'6fbde604-4178-42ce-a10b-8a2600a2f07d', CAST(N'2020-08-18T19:17:13.243' AS DateTime))
GO
INSERT [dbo].[umbracoNode] ([id], [trashed], [parentID], [nodeUser], [level], [path], [sortOrder], [uniqueID], [text], [nodeObjectType], [createDate]) VALUES (1052, 0, -1, 0, 1, N'-1,1052', 8, N'80a38b1c-3ed2-4363-a6a7-846a1bb37410', N'Home', N'a2cb7800-f571-4787-9638-bc48539a0efb', CAST(N'2020-08-18T19:17:13.303' AS DateTime))
GO
INSERT [dbo].[umbracoNode] ([id], [trashed], [parentID], [nodeUser], [level], [path], [sortOrder], [uniqueID], [text], [nodeObjectType], [createDate]) VALUES (1053, 0, -1, NULL, 1, N'-1,1053', 0, N'04d03250-10cf-493f-9e3d-94d01f5ace07', N'_Master', N'6fbde604-4178-42ce-a10b-8a2600a2f07d', CAST(N'2020-08-18T19:17:23.777' AS DateTime))
GO
INSERT [dbo].[umbracoNode] ([id], [trashed], [parentID], [nodeUser], [level], [path], [sortOrder], [uniqueID], [text], [nodeObjectType], [createDate]) VALUES (1054, 0, 1059, 0, 2, N'-1,1059,1054', 1, N'a445c8f8-1339-4e34-9547-60f1580bed2d', N'Home', N'c66ba18e-eaf3-4cff-8a22-41b16d66a972', CAST(N'2020-08-18T19:17:55.043' AS DateTime))
GO
INSERT [dbo].[umbracoNode] ([id], [trashed], [parentID], [nodeUser], [level], [path], [sortOrder], [uniqueID], [text], [nodeObjectType], [createDate]) VALUES (1055, 0, -1, NULL, 1, N'-1,1055', 0, N'78ea36da-9c67-4e5b-916a-4226488e227f', N'Login', N'6fbde604-4178-42ce-a10b-8a2600a2f07d', CAST(N'2020-08-18T19:56:01.080' AS DateTime))
GO
INSERT [dbo].[umbracoNode] ([id], [trashed], [parentID], [nodeUser], [level], [path], [sortOrder], [uniqueID], [text], [nodeObjectType], [createDate]) VALUES (1056, 0, -1, 0, 1, N'-1,1056', 7, N'ff508a92-5ae2-4437-92d4-3b734693d991', N'Login', N'a2cb7800-f571-4787-9638-bc48539a0efb', CAST(N'2020-08-18T19:56:43.070' AS DateTime))
GO
INSERT [dbo].[umbracoNode] ([id], [trashed], [parentID], [nodeUser], [level], [path], [sortOrder], [uniqueID], [text], [nodeObjectType], [createDate]) VALUES (1057, 0, -1, 0, 1, N'-1,1057', 0, N'07f7718e-f36f-4888-b2ea-6363ae234b5b', N'Admin Member', N'39eb0f98-b348-42a1-8662-e7eb18487560', CAST(N'2020-08-18T20:00:38.953' AS DateTime))
GO
INSERT [dbo].[umbracoNode] ([id], [trashed], [parentID], [nodeUser], [level], [path], [sortOrder], [uniqueID], [text], [nodeObjectType], [createDate]) VALUES (1058, 1, -20, 0, 1, N'-1,-20,1058', 1, N'03bbbfe1-47fe-48ca-942e-7d49aa7d81be', N'Login', N'c66ba18e-eaf3-4cff-8a22-41b16d66a972', CAST(N'2020-08-18T20:10:22.440' AS DateTime))
GO
INSERT [dbo].[umbracoNode] ([id], [trashed], [parentID], [nodeUser], [level], [path], [sortOrder], [uniqueID], [text], [nodeObjectType], [createDate]) VALUES (1059, 0, -1, 0, 1, N'-1,1059', 1, N'bed0f7a1-29c3-43c3-9ebb-cd42454e1c2c', N'Login', N'c66ba18e-eaf3-4cff-8a22-41b16d66a972', CAST(N'2020-08-18T20:14:07.710' AS DateTime))
GO
SET IDENTITY_INSERT [dbo].[umbracoNode] OFF
GO
INSERT [dbo].[umbracoRedirectUrl] ([id], [contentKey], [createDateUtc], [url], [urlHash]) VALUES (N'86de8bd5-77ec-4081-b620-3b9890b99c22', N'a445c8f8-1339-4e34-9547-60f1580bed2d', CAST(N'2020-08-18T19:14:36.237' AS DateTime), N'/', N'42099b4af021e53fd8fd4e056c2568d7c2e3ffa8')
GO
SET IDENTITY_INSERT [dbo].[umbracoRelation] ON 
GO
INSERT [dbo].[umbracoRelation] ([id], [parentId], [childId], [relType], [datetime], [comment]) VALUES (1, 1054, 1058, 2, CAST(N'2020-08-18T20:14:00.940' AS DateTime), N'')
GO
SET IDENTITY_INSERT [dbo].[umbracoRelation] OFF
GO
SET IDENTITY_INSERT [dbo].[umbracoRelationType] ON 
GO
INSERT [dbo].[umbracoRelationType] ([id], [typeUniqueId], [dual], [parentObjectType], [childObjectType], [name], [alias]) VALUES (1, N'4cbeb612-e689-3563-b755-bf3ede295433', 1, N'c66ba18e-eaf3-4cff-8a22-41b16d66a972', N'c66ba18e-eaf3-4cff-8a22-41b16d66a972', N'Relate Document On Copy', N'relateDocumentOnCopy')
GO
INSERT [dbo].[umbracoRelationType] ([id], [typeUniqueId], [dual], [parentObjectType], [childObjectType], [name], [alias]) VALUES (2, N'0cc3507c-66ab-3091-8913-3d998148e423', 0, N'c66ba18e-eaf3-4cff-8a22-41b16d66a972', N'c66ba18e-eaf3-4cff-8a22-41b16d66a972', N'Relate Parent Document On Delete', N'relateParentDocumentOnDelete')
GO
INSERT [dbo].[umbracoRelationType] ([id], [typeUniqueId], [dual], [parentObjectType], [childObjectType], [name], [alias]) VALUES (3, N'8307994f-faf2-3844-bab9-72d34514edf2', 0, N'b796f64c-1f99-4ffb-b886-4bf4bc011a9c', N'b796f64c-1f99-4ffb-b886-4bf4bc011a9c', N'Relate Parent Media Folder On Delete', N'relateParentMediaFolderOnDelete')
GO
SET IDENTITY_INSERT [dbo].[umbracoRelationType] OFF
GO
SET IDENTITY_INSERT [dbo].[umbracoServer] ON 
GO
INSERT [dbo].[umbracoServer] ([id], [address], [computerName], [registeredDate], [lastNotifiedDate], [isActive], [isMaster]) VALUES (1, N'http://localhost/umbraco', N'DESKTOP-4IKNA1Q//LM/W3SVC/2/ROOT', CAST(N'2020-08-18T19:15:43.773' AS DateTime), CAST(N'2020-09-03T09:57:25.953' AS DateTime), 1, 1)
GO
SET IDENTITY_INSERT [dbo].[umbracoServer] OFF
GO
SET IDENTITY_INSERT [dbo].[umbracoUser] ON 
GO
INSERT [dbo].[umbracoUser] ([id], [userDisabled], [userNoConsole], [userName], [userLogin], [userPassword], [passwordConfig], [userEmail], [userLanguage], [securityStampToken], [failedLoginAttempts], [lastLockoutDate], [lastPasswordChangeDate], [lastLoginDate], [emailConfirmedDate], [invitedDate], [createDate], [updateDate], [avatar], [tourData]) VALUES (0, 0, 0, N'Sam', N'jabbaaah@hotmail.com', N'rbJWqsyBeas7WWTZwg/zFw==loci+pNTpQBn4Ad6BNK3fpErTknCXbbwFEu1u9dGF00=', N'{"hashAlgorithm":"HMACSHA256"}', N'jabbaaah@hotmail.com', N'en-US', N'fd5aa742-ebe0-49f3-993d-2bca0db9f457', NULL, NULL, CAST(N'2020-08-18T19:14:14.753' AS DateTime), CAST(N'2020-09-03T09:51:20.913' AS DateTime), NULL, NULL, CAST(N'2020-08-18T19:14:14.300' AS DateTime), CAST(N'2020-09-03T09:51:20.933' AS DateTime), NULL, N'[{"alias":"umbIntroIntroduction","completed":false,"disabled":true}]')
GO
INSERT [dbo].[umbracoUser] ([id], [userDisabled], [userNoConsole], [userName], [userLogin], [userPassword], [passwordConfig], [userEmail], [userLanguage], [securityStampToken], [failedLoginAttempts], [lastLockoutDate], [lastPasswordChangeDate], [lastLoginDate], [emailConfirmedDate], [invitedDate], [createDate], [updateDate], [avatar], [tourData]) VALUES (1, 0, 0, N'Admin', N'admin@sew.com', N'8iH6+kjaNhn0pz8vwT21JQ==t/5EkIN3J3Kz1dryWg4RGaxChPrpLn3WwqMciRcS73U=', N'{"hashAlgorithm":"HMACSHA256"}', N'admin@sew.com', N'en-US', N'3122ed9a-8041-4aef-a456-1ad0eb573ab6', 0, NULL, CAST(N'2020-09-03T09:53:27.960' AS DateTime), CAST(N'2020-09-03T09:53:59.037' AS DateTime), NULL, NULL, CAST(N'2020-09-03T09:53:27.937' AS DateTime), CAST(N'2020-09-03T09:53:59.040' AS DateTime), NULL, NULL)
GO
SET IDENTITY_INSERT [dbo].[umbracoUser] OFF
GO
INSERT [dbo].[umbracoUser2UserGroup] ([userId], [userGroupId]) VALUES (0, 1)
GO
INSERT [dbo].[umbracoUser2UserGroup] ([userId], [userGroupId]) VALUES (0, 5)
GO
INSERT [dbo].[umbracoUser2UserGroup] ([userId], [userGroupId]) VALUES (1, 1)
GO
SET IDENTITY_INSERT [dbo].[umbracoUserGroup] ON 
GO
INSERT [dbo].[umbracoUserGroup] ([id], [userGroupAlias], [userGroupName], [userGroupDefaultPermissions], [createDate], [updateDate], [icon], [startContentId], [startMediaId]) VALUES (1, N'admin', N'Administrators', N'CADMOSKTPIURZ:5F7', CAST(N'2020-08-18T19:14:14.443' AS DateTime), CAST(N'2020-08-18T19:14:14.443' AS DateTime), N'icon-medal', -1, -1)
GO
INSERT [dbo].[umbracoUserGroup] ([id], [userGroupAlias], [userGroupName], [userGroupDefaultPermissions], [createDate], [updateDate], [icon], [startContentId], [startMediaId]) VALUES (2, N'writer', N'Writers', N'CAH:F', CAST(N'2020-08-18T19:14:14.443' AS DateTime), CAST(N'2020-08-18T19:14:14.443' AS DateTime), N'icon-edit', -1, -1)
GO
INSERT [dbo].[umbracoUserGroup] ([id], [userGroupAlias], [userGroupName], [userGroupDefaultPermissions], [createDate], [updateDate], [icon], [startContentId], [startMediaId]) VALUES (3, N'editor', N'Editors', N'CADMOSKTPUZ:5F', CAST(N'2020-08-18T19:14:14.447' AS DateTime), CAST(N'2020-08-18T19:14:14.447' AS DateTime), N'icon-tools', -1, -1)
GO
INSERT [dbo].[umbracoUserGroup] ([id], [userGroupAlias], [userGroupName], [userGroupDefaultPermissions], [createDate], [updateDate], [icon], [startContentId], [startMediaId]) VALUES (4, N'translator', N'Translators', N'AF', CAST(N'2020-08-18T19:14:14.447' AS DateTime), CAST(N'2020-08-18T19:14:14.447' AS DateTime), N'icon-globe', -1, -1)
GO
INSERT [dbo].[umbracoUserGroup] ([id], [userGroupAlias], [userGroupName], [userGroupDefaultPermissions], [createDate], [updateDate], [icon], [startContentId], [startMediaId]) VALUES (5, N'sensitiveData', N'Sensitive data', N'', CAST(N'2020-08-18T19:14:14.447' AS DateTime), CAST(N'2020-08-18T19:14:14.447' AS DateTime), N'icon-lock', -1, -1)
GO
SET IDENTITY_INSERT [dbo].[umbracoUserGroup] OFF
GO
INSERT [dbo].[umbracoUserGroup2App] ([userGroupId], [app]) VALUES (1, N'content')
GO
INSERT [dbo].[umbracoUserGroup2App] ([userGroupId], [app]) VALUES (1, N'developer')
GO
INSERT [dbo].[umbracoUserGroup2App] ([userGroupId], [app]) VALUES (1, N'forms')
GO
INSERT [dbo].[umbracoUserGroup2App] ([userGroupId], [app]) VALUES (1, N'media')
GO
INSERT [dbo].[umbracoUserGroup2App] ([userGroupId], [app]) VALUES (1, N'member')
GO
INSERT [dbo].[umbracoUserGroup2App] ([userGroupId], [app]) VALUES (1, N'settings')
GO
INSERT [dbo].[umbracoUserGroup2App] ([userGroupId], [app]) VALUES (1, N'users')
GO
INSERT [dbo].[umbracoUserGroup2App] ([userGroupId], [app]) VALUES (2, N'content')
GO
INSERT [dbo].[umbracoUserGroup2App] ([userGroupId], [app]) VALUES (3, N'content')
GO
INSERT [dbo].[umbracoUserGroup2App] ([userGroupId], [app]) VALUES (3, N'forms')
GO
INSERT [dbo].[umbracoUserGroup2App] ([userGroupId], [app]) VALUES (3, N'media')
GO
INSERT [dbo].[umbracoUserGroup2App] ([userGroupId], [app]) VALUES (4, N'translation')
GO
INSERT [dbo].[umbracoUserLogin] ([sessionId], [userId], [loggedInUtc], [lastValidatedUtc], [loggedOutUtc], [ipAddress]) VALUES (N'8ff50187-34f2-4df0-8208-c1090fa2e8ba', 0, CAST(N'2020-09-03T08:51:21.287' AS DateTime), CAST(N'2020-09-03T08:53:05.497' AS DateTime), CAST(N'2020-09-03T08:53:50.940' AS DateTime), N'::1')
GO
INSERT [dbo].[umbracoUserLogin] ([sessionId], [userId], [loggedInUtc], [lastValidatedUtc], [loggedOutUtc], [ipAddress]) VALUES (N'e937aba2-e309-443b-bc3c-c7171047eaa0', 0, CAST(N'2020-08-19T09:08:09.963' AS DateTime), CAST(N'2020-08-19T09:08:09.963' AS DateTime), NULL, N'::1')
GO
INSERT [dbo].[umbracoUserLogin] ([sessionId], [userId], [loggedInUtc], [lastValidatedUtc], [loggedOutUtc], [ipAddress]) VALUES (N'401b1b94-c29a-41db-915f-d5875135634c', 1, CAST(N'2020-09-03T08:53:59.053' AS DateTime), CAST(N'2020-09-03T08:53:59.053' AS DateTime), NULL, N'::1')
GO
INSERT [dbo].[umbracoUserLogin] ([sessionId], [userId], [loggedInUtc], [lastValidatedUtc], [loggedOutUtc], [ipAddress]) VALUES (N'9e7135f6-1b22-407b-9fc0-ebbb4f467481', 0, CAST(N'2020-08-19T09:34:27.780' AS DateTime), CAST(N'2020-08-19T09:34:27.780' AS DateTime), NULL, N'::1')
GO
/****** Object:  Index [IX_cmsContent]    Script Date: 03/09/2020 09:58:06 ******/
CREATE UNIQUE NONCLUSTERED INDEX [IX_cmsContent] ON [dbo].[cmsContent]
(
	[nodeId] ASC
)WITH (PAD_INDEX = OFF, STATISTICS_NORECOMPUTE = OFF, SORT_IN_TEMPDB = OFF, IGNORE_DUP_KEY = OFF, DROP_EXISTING = OFF, ONLINE = OFF, ALLOW_ROW_LOCKS = ON, ALLOW_PAGE_LOCKS = ON) ON [PRIMARY]
GO
/****** Object:  Index [IX_cmsContentType]    Script Date: 03/09/2020 09:58:06 ******/
CREATE UNIQUE NONCLUSTERED INDEX [IX_cmsContentType] ON [dbo].[cmsContentType]
(
	[nodeId] ASC
)WITH (PAD_INDEX = OFF, STATISTICS_NORECOMPUTE = OFF, SORT_IN_TEMPDB = OFF, IGNORE_DUP_KEY = OFF, DROP_EXISTING = OFF, ONLINE = OFF, ALLOW_ROW_LOCKS = ON, ALLOW_PAGE_LOCKS = ON) ON [PRIMARY]
GO
SET ANSI_PADDING ON
GO
/****** Object:  Index [IX_cmsContentType_icon]    Script Date: 03/09/2020 09:58:06 ******/
CREATE NONCLUSTERED INDEX [IX_cmsContentType_icon] ON [dbo].[cmsContentType]
(
	[icon] ASC
)WITH (PAD_INDEX = OFF, STATISTICS_NORECOMPUTE = OFF, SORT_IN_TEMPDB = OFF, DROP_EXISTING = OFF, ONLINE = OFF, ALLOW_ROW_LOCKS = ON, ALLOW_PAGE_LOCKS = ON) ON [PRIMARY]
GO
/****** Object:  Index [IX_cmsContentVersion_ContentId]    Script Date: 03/09/2020 09:58:06 ******/
CREATE NONCLUSTERED INDEX [IX_cmsContentVersion_ContentId] ON [dbo].[cmsContentVersion]
(
	[ContentId] ASC
)WITH (PAD_INDEX = OFF, STATISTICS_NORECOMPUTE = OFF, SORT_IN_TEMPDB = OFF, DROP_EXISTING = OFF, ONLINE = OFF, ALLOW_ROW_LOCKS = ON, ALLOW_PAGE_LOCKS = ON) ON [PRIMARY]
GO
/****** Object:  Index [IX_cmsContentVersion_VersionId]    Script Date: 03/09/2020 09:58:06 ******/
CREATE UNIQUE NONCLUSTERED INDEX [IX_cmsContentVersion_VersionId] ON [dbo].[cmsContentVersion]
(
	[VersionId] ASC
)WITH (PAD_INDEX = OFF, STATISTICS_NORECOMPUTE = OFF, SORT_IN_TEMPDB = OFF, IGNORE_DUP_KEY = OFF, DROP_EXISTING = OFF, ONLINE = OFF, ALLOW_ROW_LOCKS = ON, ALLOW_PAGE_LOCKS = ON) ON [PRIMARY]
GO
/****** Object:  Index [IX_cmsDataType_nodeId]    Script Date: 03/09/2020 09:58:06 ******/
CREATE UNIQUE NONCLUSTERED INDEX [IX_cmsDataType_nodeId] ON [dbo].[cmsDataType]
(
	[nodeId] ASC
)WITH (PAD_INDEX = OFF, STATISTICS_NORECOMPUTE = OFF, SORT_IN_TEMPDB = OFF, IGNORE_DUP_KEY = OFF, DROP_EXISTING = OFF, ONLINE = OFF, ALLOW_ROW_LOCKS = ON, ALLOW_PAGE_LOCKS = ON) ON [PRIMARY]
GO
/****** Object:  Index [IX_cmsDictionary_id]    Script Date: 03/09/2020 09:58:06 ******/
CREATE UNIQUE NONCLUSTERED INDEX [IX_cmsDictionary_id] ON [dbo].[cmsDictionary]
(
	[id] ASC
)WITH (PAD_INDEX = OFF, STATISTICS_NORECOMPUTE = OFF, SORT_IN_TEMPDB = OFF, IGNORE_DUP_KEY = OFF, DROP_EXISTING = OFF, ONLINE = OFF, ALLOW_ROW_LOCKS = ON, ALLOW_PAGE_LOCKS = ON) ON [PRIMARY]
GO
SET ANSI_PADDING ON
GO
/****** Object:  Index [IX_cmsDictionary_key]    Script Date: 03/09/2020 09:58:06 ******/
CREATE NONCLUSTERED INDEX [IX_cmsDictionary_key] ON [dbo].[cmsDictionary]
(
	[key] ASC
)WITH (PAD_INDEX = OFF, STATISTICS_NORECOMPUTE = OFF, SORT_IN_TEMPDB = OFF, DROP_EXISTING = OFF, ONLINE = OFF, ALLOW_ROW_LOCKS = ON, ALLOW_PAGE_LOCKS = ON) ON [PRIMARY]
GO
/****** Object:  Index [IX_cmsDocument]    Script Date: 03/09/2020 09:58:06 ******/
CREATE UNIQUE NONCLUSTERED INDEX [IX_cmsDocument] ON [dbo].[cmsDocument]
(
	[nodeId] ASC,
	[versionId] ASC
)WITH (PAD_INDEX = OFF, STATISTICS_NORECOMPUTE = OFF, SORT_IN_TEMPDB = OFF, IGNORE_DUP_KEY = OFF, DROP_EXISTING = OFF, ONLINE = OFF, ALLOW_ROW_LOCKS = ON, ALLOW_PAGE_LOCKS = ON) ON [PRIMARY]
GO
/****** Object:  Index [IX_cmsDocument_newest]    Script Date: 03/09/2020 09:58:06 ******/
CREATE NONCLUSTERED INDEX [IX_cmsDocument_newest] ON [dbo].[cmsDocument]
(
	[newest] ASC
)WITH (PAD_INDEX = OFF, STATISTICS_NORECOMPUTE = OFF, SORT_IN_TEMPDB = OFF, DROP_EXISTING = OFF, ONLINE = OFF, ALLOW_ROW_LOCKS = ON, ALLOW_PAGE_LOCKS = ON) ON [PRIMARY]
GO
/****** Object:  Index [IX_cmsDocument_published]    Script Date: 03/09/2020 09:58:06 ******/
CREATE NONCLUSTERED INDEX [IX_cmsDocument_published] ON [dbo].[cmsDocument]
(
	[published] ASC
)WITH (PAD_INDEX = OFF, STATISTICS_NORECOMPUTE = OFF, SORT_IN_TEMPDB = OFF, DROP_EXISTING = OFF, ONLINE = OFF, ALLOW_ROW_LOCKS = ON, ALLOW_PAGE_LOCKS = ON) ON [PRIMARY]
GO
/****** Object:  Index [IX_cmsMacro_UniqueId]    Script Date: 03/09/2020 09:58:06 ******/
CREATE UNIQUE NONCLUSTERED INDEX [IX_cmsMacro_UniqueId] ON [dbo].[cmsMacro]
(
	[uniqueId] ASC
)WITH (PAD_INDEX = OFF, STATISTICS_NORECOMPUTE = OFF, SORT_IN_TEMPDB = OFF, IGNORE_DUP_KEY = OFF, DROP_EXISTING = OFF, ONLINE = OFF, ALLOW_ROW_LOCKS = ON, ALLOW_PAGE_LOCKS = ON) ON [PRIMARY]
GO
SET ANSI_PADDING ON
GO
/****** Object:  Index [IX_cmsMacroPropertyAlias]    Script Date: 03/09/2020 09:58:06 ******/
CREATE UNIQUE NONCLUSTERED INDEX [IX_cmsMacroPropertyAlias] ON [dbo].[cmsMacro]
(
	[macroAlias] ASC
)WITH (PAD_INDEX = OFF, STATISTICS_NORECOMPUTE = OFF, SORT_IN_TEMPDB = OFF, IGNORE_DUP_KEY = OFF, DROP_EXISTING = OFF, ONLINE = OFF, ALLOW_ROW_LOCKS = ON, ALLOW_PAGE_LOCKS = ON) ON [PRIMARY]
GO
SET ANSI_PADDING ON
GO
/****** Object:  Index [IX_cmsMacroProperty_Alias]    Script Date: 03/09/2020 09:58:06 ******/
CREATE UNIQUE NONCLUSTERED INDEX [IX_cmsMacroProperty_Alias] ON [dbo].[cmsMacroProperty]
(
	[macro] ASC,
	[macroPropertyAlias] ASC
)WITH (PAD_INDEX = OFF, STATISTICS_NORECOMPUTE = OFF, SORT_IN_TEMPDB = OFF, IGNORE_DUP_KEY = OFF, DROP_EXISTING = OFF, ONLINE = OFF, ALLOW_ROW_LOCKS = ON, ALLOW_PAGE_LOCKS = ON) ON [PRIMARY]
GO
/****** Object:  Index [IX_cmsMacroProperty_UniquePropertyId]    Script Date: 03/09/2020 09:58:06 ******/
CREATE UNIQUE NONCLUSTERED INDEX [IX_cmsMacroProperty_UniquePropertyId] ON [dbo].[cmsMacroProperty]
(
	[uniquePropertyId] ASC
)WITH (PAD_INDEX = OFF, STATISTICS_NORECOMPUTE = OFF, SORT_IN_TEMPDB = OFF, IGNORE_DUP_KEY = OFF, DROP_EXISTING = OFF, ONLINE = OFF, ALLOW_ROW_LOCKS = ON, ALLOW_PAGE_LOCKS = ON) ON [PRIMARY]
GO
SET ANSI_PADDING ON
GO
/****** Object:  Index [IX_cmsMedia]    Script Date: 03/09/2020 09:58:06 ******/
CREATE UNIQUE NONCLUSTERED INDEX [IX_cmsMedia] ON [dbo].[cmsMedia]
(
	[nodeId] ASC,
	[versionId] ASC,
	[mediaPath] ASC
)WITH (PAD_INDEX = OFF, STATISTICS_NORECOMPUTE = OFF, SORT_IN_TEMPDB = OFF, IGNORE_DUP_KEY = OFF, DROP_EXISTING = OFF, ONLINE = OFF, ALLOW_ROW_LOCKS = ON, ALLOW_PAGE_LOCKS = ON) ON [PRIMARY]
GO
SET ANSI_PADDING ON
GO
/****** Object:  Index [IX_cmsMember_LoginName]    Script Date: 03/09/2020 09:58:06 ******/
CREATE NONCLUSTERED INDEX [IX_cmsMember_LoginName] ON [dbo].[cmsMember]
(
	[LoginName] ASC
)WITH (PAD_INDEX = OFF, STATISTICS_NORECOMPUTE = OFF, SORT_IN_TEMPDB = OFF, DROP_EXISTING = OFF, ONLINE = OFF, ALLOW_ROW_LOCKS = ON, ALLOW_PAGE_LOCKS = ON) ON [PRIMARY]
GO
/****** Object:  Index [IX_cmsPropertyData_1]    Script Date: 03/09/2020 09:58:06 ******/
CREATE UNIQUE NONCLUSTERED INDEX [IX_cmsPropertyData_1] ON [dbo].[cmsPropertyData]
(
	[contentNodeId] ASC,
	[versionId] ASC,
	[propertytypeid] ASC
)WITH (PAD_INDEX = OFF, STATISTICS_NORECOMPUTE = OFF, SORT_IN_TEMPDB = OFF, IGNORE_DUP_KEY = OFF, DROP_EXISTING = OFF, ONLINE = OFF, ALLOW_ROW_LOCKS = ON, ALLOW_PAGE_LOCKS = ON) ON [PRIMARY]
GO
/****** Object:  Index [IX_cmsPropertyData_2]    Script Date: 03/09/2020 09:58:06 ******/
CREATE NONCLUSTERED INDEX [IX_cmsPropertyData_2] ON [dbo].[cmsPropertyData]
(
	[versionId] ASC
)WITH (PAD_INDEX = OFF, STATISTICS_NORECOMPUTE = OFF, SORT_IN_TEMPDB = OFF, DROP_EXISTING = OFF, ONLINE = OFF, ALLOW_ROW_LOCKS = ON, ALLOW_PAGE_LOCKS = ON) ON [PRIMARY]
GO
/****** Object:  Index [IX_cmsPropertyData_3]    Script Date: 03/09/2020 09:58:06 ******/
CREATE NONCLUSTERED INDEX [IX_cmsPropertyData_3] ON [dbo].[cmsPropertyData]
(
	[propertytypeid] ASC
)WITH (PAD_INDEX = OFF, STATISTICS_NORECOMPUTE = OFF, SORT_IN_TEMPDB = OFF, DROP_EXISTING = OFF, ONLINE = OFF, ALLOW_ROW_LOCKS = ON, ALLOW_PAGE_LOCKS = ON) ON [PRIMARY]
GO
SET ANSI_PADDING ON
GO
/****** Object:  Index [IX_cmsPropertyTypeAlias]    Script Date: 03/09/2020 09:58:06 ******/
CREATE NONCLUSTERED INDEX [IX_cmsPropertyTypeAlias] ON [dbo].[cmsPropertyType]
(
	[Alias] ASC
)WITH (PAD_INDEX = OFF, STATISTICS_NORECOMPUTE = OFF, SORT_IN_TEMPDB = OFF, DROP_EXISTING = OFF, ONLINE = OFF, ALLOW_ROW_LOCKS = ON, ALLOW_PAGE_LOCKS = ON) ON [PRIMARY]
GO
/****** Object:  Index [IX_cmsPropertyTypeUniqueID]    Script Date: 03/09/2020 09:58:06 ******/
CREATE UNIQUE NONCLUSTERED INDEX [IX_cmsPropertyTypeUniqueID] ON [dbo].[cmsPropertyType]
(
	[UniqueID] ASC
)WITH (PAD_INDEX = OFF, STATISTICS_NORECOMPUTE = OFF, SORT_IN_TEMPDB = OFF, IGNORE_DUP_KEY = OFF, DROP_EXISTING = OFF, ONLINE = OFF, ALLOW_ROW_LOCKS = ON, ALLOW_PAGE_LOCKS = ON) ON [PRIMARY]
GO
/****** Object:  Index [IX_cmsPropertyTypeGroupUniqueID]    Script Date: 03/09/2020 09:58:06 ******/
CREATE UNIQUE NONCLUSTERED INDEX [IX_cmsPropertyTypeGroupUniqueID] ON [dbo].[cmsPropertyTypeGroup]
(
	[uniqueID] ASC
)WITH (PAD_INDEX = OFF, STATISTICS_NORECOMPUTE = OFF, SORT_IN_TEMPDB = OFF, IGNORE_DUP_KEY = OFF, DROP_EXISTING = OFF, ONLINE = OFF, ALLOW_ROW_LOCKS = ON, ALLOW_PAGE_LOCKS = ON) ON [PRIMARY]
GO
SET ANSI_PADDING ON
GO
/****** Object:  Index [IX_cmsTags]    Script Date: 03/09/2020 09:58:06 ******/
CREATE NONCLUSTERED INDEX [IX_cmsTags] ON [dbo].[cmsTags]
(
	[tag] ASC,
	[group] ASC
)WITH (PAD_INDEX = OFF, STATISTICS_NORECOMPUTE = OFF, SORT_IN_TEMPDB = OFF, DROP_EXISTING = OFF, ONLINE = OFF, ALLOW_ROW_LOCKS = ON, ALLOW_PAGE_LOCKS = ON) ON [PRIMARY]
GO
SET ANSI_PADDING ON
GO
/****** Object:  Index [IX_cmsTaskType_alias]    Script Date: 03/09/2020 09:58:06 ******/
CREATE NONCLUSTERED INDEX [IX_cmsTaskType_alias] ON [dbo].[cmsTaskType]
(
	[alias] ASC
)WITH (PAD_INDEX = OFF, STATISTICS_NORECOMPUTE = OFF, SORT_IN_TEMPDB = OFF, DROP_EXISTING = OFF, ONLINE = OFF, ALLOW_ROW_LOCKS = ON, ALLOW_PAGE_LOCKS = ON) ON [PRIMARY]
GO
/****** Object:  Index [IX_cmsTemplate_nodeId]    Script Date: 03/09/2020 09:58:06 ******/
CREATE UNIQUE NONCLUSTERED INDEX [IX_cmsTemplate_nodeId] ON [dbo].[cmsTemplate]
(
	[nodeId] ASC
)WITH (PAD_INDEX = OFF, STATISTICS_NORECOMPUTE = OFF, SORT_IN_TEMPDB = OFF, IGNORE_DUP_KEY = OFF, DROP_EXISTING = OFF, ONLINE = OFF, ALLOW_ROW_LOCKS = ON, ALLOW_PAGE_LOCKS = ON) ON [PRIMARY]
GO
/****** Object:  Index [IX_umbracoAccess_nodeId]    Script Date: 03/09/2020 09:58:06 ******/
CREATE UNIQUE NONCLUSTERED INDEX [IX_umbracoAccess_nodeId] ON [dbo].[umbracoAccess]
(
	[nodeId] ASC
)WITH (PAD_INDEX = OFF, STATISTICS_NORECOMPUTE = OFF, SORT_IN_TEMPDB = OFF, IGNORE_DUP_KEY = OFF, DROP_EXISTING = OFF, ONLINE = OFF, ALLOW_ROW_LOCKS = ON, ALLOW_PAGE_LOCKS = ON) ON [PRIMARY]
GO
SET ANSI_PADDING ON
GO
/****** Object:  Index [IX_umbracoAccessRule]    Script Date: 03/09/2020 09:58:06 ******/
CREATE UNIQUE NONCLUSTERED INDEX [IX_umbracoAccessRule] ON [dbo].[umbracoAccessRule]
(
	[ruleValue] ASC,
	[ruleType] ASC,
	[accessId] ASC
)WITH (PAD_INDEX = OFF, STATISTICS_NORECOMPUTE = OFF, SORT_IN_TEMPDB = OFF, IGNORE_DUP_KEY = OFF, DROP_EXISTING = OFF, ONLINE = OFF, ALLOW_ROW_LOCKS = ON, ALLOW_PAGE_LOCKS = ON) ON [PRIMARY]
GO
SET ANSI_PADDING ON
GO
/****** Object:  Index [IX_umbracoLanguage_languageISOCode]    Script Date: 03/09/2020 09:58:06 ******/
CREATE UNIQUE NONCLUSTERED INDEX [IX_umbracoLanguage_languageISOCode] ON [dbo].[umbracoLanguage]
(
	[languageISOCode] ASC
)WITH (PAD_INDEX = OFF, STATISTICS_NORECOMPUTE = OFF, SORT_IN_TEMPDB = OFF, IGNORE_DUP_KEY = OFF, DROP_EXISTING = OFF, ONLINE = OFF, ALLOW_ROW_LOCKS = ON, ALLOW_PAGE_LOCKS = ON) ON [PRIMARY]
GO
/****** Object:  Index [IX_umbracoLog]    Script Date: 03/09/2020 09:58:06 ******/
CREATE NONCLUSTERED INDEX [IX_umbracoLog] ON [dbo].[umbracoLog]
(
	[NodeId] ASC
)WITH (PAD_INDEX = OFF, STATISTICS_NORECOMPUTE = OFF, SORT_IN_TEMPDB = OFF, DROP_EXISTING = OFF, ONLINE = OFF, ALLOW_ROW_LOCKS = ON, ALLOW_PAGE_LOCKS = ON) ON [PRIMARY]
GO
SET ANSI_PADDING ON
GO
/****** Object:  Index [IX_umbracoMigration]    Script Date: 03/09/2020 09:58:06 ******/
CREATE UNIQUE NONCLUSTERED INDEX [IX_umbracoMigration] ON [dbo].[umbracoMigration]
(
	[name] ASC,
	[version] ASC
)WITH (PAD_INDEX = OFF, STATISTICS_NORECOMPUTE = OFF, SORT_IN_TEMPDB = OFF, IGNORE_DUP_KEY = OFF, DROP_EXISTING = OFF, ONLINE = OFF, ALLOW_ROW_LOCKS = ON, ALLOW_PAGE_LOCKS = ON) ON [PRIMARY]
GO
/****** Object:  Index [IX_umbracoNodeObjectType]    Script Date: 03/09/2020 09:58:06 ******/
CREATE NONCLUSTERED INDEX [IX_umbracoNodeObjectType] ON [dbo].[umbracoNode]
(
	[nodeObjectType] ASC
)WITH (PAD_INDEX = OFF, STATISTICS_NORECOMPUTE = OFF, SORT_IN_TEMPDB = OFF, DROP_EXISTING = OFF, ONLINE = OFF, ALLOW_ROW_LOCKS = ON, ALLOW_PAGE_LOCKS = ON) ON [PRIMARY]
GO
/****** Object:  Index [IX_umbracoNodeParentId]    Script Date: 03/09/2020 09:58:06 ******/
CREATE NONCLUSTERED INDEX [IX_umbracoNodeParentId] ON [dbo].[umbracoNode]
(
	[parentID] ASC
)WITH (PAD_INDEX = OFF, STATISTICS_NORECOMPUTE = OFF, SORT_IN_TEMPDB = OFF, DROP_EXISTING = OFF, ONLINE = OFF, ALLOW_ROW_LOCKS = ON, ALLOW_PAGE_LOCKS = ON) ON [PRIMARY]
GO
SET ANSI_PADDING ON
GO
/****** Object:  Index [IX_umbracoNodePath]    Script Date: 03/09/2020 09:58:06 ******/
CREATE NONCLUSTERED INDEX [IX_umbracoNodePath] ON [dbo].[umbracoNode]
(
	[path] ASC
)WITH (PAD_INDEX = OFF, STATISTICS_NORECOMPUTE = OFF, SORT_IN_TEMPDB = OFF, DROP_EXISTING = OFF, ONLINE = OFF, ALLOW_ROW_LOCKS = ON, ALLOW_PAGE_LOCKS = ON) ON [PRIMARY]
GO
/****** Object:  Index [IX_umbracoNodeTrashed]    Script Date: 03/09/2020 09:58:06 ******/
CREATE NONCLUSTERED INDEX [IX_umbracoNodeTrashed] ON [dbo].[umbracoNode]
(
	[trashed] ASC
)WITH (PAD_INDEX = OFF, STATISTICS_NORECOMPUTE = OFF, SORT_IN_TEMPDB = OFF, DROP_EXISTING = OFF, ONLINE = OFF, ALLOW_ROW_LOCKS = ON, ALLOW_PAGE_LOCKS = ON) ON [PRIMARY]
GO
/****** Object:  Index [IX_umbracoNodeUniqueID]    Script Date: 03/09/2020 09:58:06 ******/
CREATE UNIQUE NONCLUSTERED INDEX [IX_umbracoNodeUniqueID] ON [dbo].[umbracoNode]
(
	[uniqueID] ASC
)WITH (PAD_INDEX = OFF, STATISTICS_NORECOMPUTE = OFF, SORT_IN_TEMPDB = OFF, IGNORE_DUP_KEY = OFF, DROP_EXISTING = OFF, ONLINE = OFF, ALLOW_ROW_LOCKS = ON, ALLOW_PAGE_LOCKS = ON) ON [PRIMARY]
GO
SET ANSI_PADDING ON
GO
/****** Object:  Index [IX_umbracoRedirectUrl]    Script Date: 03/09/2020 09:58:06 ******/
CREATE UNIQUE NONCLUSTERED INDEX [IX_umbracoRedirectUrl] ON [dbo].[umbracoRedirectUrl]
(
	[urlHash] ASC,
	[contentKey] ASC,
	[createDateUtc] ASC
)WITH (PAD_INDEX = OFF, STATISTICS_NORECOMPUTE = OFF, SORT_IN_TEMPDB = OFF, IGNORE_DUP_KEY = OFF, DROP_EXISTING = OFF, ONLINE = OFF, ALLOW_ROW_LOCKS = ON, ALLOW_PAGE_LOCKS = ON) ON [PRIMARY]
GO
/****** Object:  Index [IX_umbracoRelation_parentChildType]    Script Date: 03/09/2020 09:58:06 ******/
CREATE UNIQUE NONCLUSTERED INDEX [IX_umbracoRelation_parentChildType] ON [dbo].[umbracoRelation]
(
	[parentId] ASC,
	[childId] ASC,
	[relType] ASC
)WITH (PAD_INDEX = OFF, STATISTICS_NORECOMPUTE = OFF, SORT_IN_TEMPDB = OFF, IGNORE_DUP_KEY = OFF, DROP_EXISTING = OFF, ONLINE = OFF, ALLOW_ROW_LOCKS = ON, ALLOW_PAGE_LOCKS = ON) ON [PRIMARY]
GO
SET ANSI_PADDING ON
GO
/****** Object:  Index [IX_umbracoRelationType_alias]    Script Date: 03/09/2020 09:58:06 ******/
CREATE UNIQUE NONCLUSTERED INDEX [IX_umbracoRelationType_alias] ON [dbo].[umbracoRelationType]
(
	[alias] ASC
)WITH (PAD_INDEX = OFF, STATISTICS_NORECOMPUTE = OFF, SORT_IN_TEMPDB = OFF, IGNORE_DUP_KEY = OFF, DROP_EXISTING = OFF, ONLINE = OFF, ALLOW_ROW_LOCKS = ON, ALLOW_PAGE_LOCKS = ON) ON [PRIMARY]
GO
SET ANSI_PADDING ON
GO
/****** Object:  Index [IX_umbracoRelationType_name]    Script Date: 03/09/2020 09:58:06 ******/
CREATE UNIQUE NONCLUSTERED INDEX [IX_umbracoRelationType_name] ON [dbo].[umbracoRelationType]
(
	[name] ASC
)WITH (PAD_INDEX = OFF, STATISTICS_NORECOMPUTE = OFF, SORT_IN_TEMPDB = OFF, IGNORE_DUP_KEY = OFF, DROP_EXISTING = OFF, ONLINE = OFF, ALLOW_ROW_LOCKS = ON, ALLOW_PAGE_LOCKS = ON) ON [PRIMARY]
GO
/****** Object:  Index [IX_umbracoRelationType_UniqueId]    Script Date: 03/09/2020 09:58:06 ******/
CREATE UNIQUE NONCLUSTERED INDEX [IX_umbracoRelationType_UniqueId] ON [dbo].[umbracoRelationType]
(
	[typeUniqueId] ASC
)WITH (PAD_INDEX = OFF, STATISTICS_NORECOMPUTE = OFF, SORT_IN_TEMPDB = OFF, IGNORE_DUP_KEY = OFF, DROP_EXISTING = OFF, ONLINE = OFF, ALLOW_ROW_LOCKS = ON, ALLOW_PAGE_LOCKS = ON) ON [PRIMARY]
GO
SET ANSI_PADDING ON
GO
/****** Object:  Index [IX_computerName]    Script Date: 03/09/2020 09:58:06 ******/
CREATE UNIQUE NONCLUSTERED INDEX [IX_computerName] ON [dbo].[umbracoServer]
(
	[computerName] ASC
)WITH (PAD_INDEX = OFF, STATISTICS_NORECOMPUTE = OFF, SORT_IN_TEMPDB = OFF, IGNORE_DUP_KEY = OFF, DROP_EXISTING = OFF, ONLINE = OFF, ALLOW_ROW_LOCKS = ON, ALLOW_PAGE_LOCKS = ON) ON [PRIMARY]
GO
/****** Object:  Index [IX_umbracoServer_isActive]    Script Date: 03/09/2020 09:58:06 ******/
CREATE NONCLUSTERED INDEX [IX_umbracoServer_isActive] ON [dbo].[umbracoServer]
(
	[isActive] ASC
)WITH (PAD_INDEX = OFF, STATISTICS_NORECOMPUTE = OFF, SORT_IN_TEMPDB = OFF, DROP_EXISTING = OFF, ONLINE = OFF, ALLOW_ROW_LOCKS = ON, ALLOW_PAGE_LOCKS = ON) ON [PRIMARY]
GO
SET ANSI_PADDING ON
GO
/****** Object:  Index [IX_umbracoUser_userLogin]    Script Date: 03/09/2020 09:58:06 ******/
CREATE NONCLUSTERED INDEX [IX_umbracoUser_userLogin] ON [dbo].[umbracoUser]
(
	[userLogin] ASC
)WITH (PAD_INDEX = OFF, STATISTICS_NORECOMPUTE = OFF, SORT_IN_TEMPDB = OFF, DROP_EXISTING = OFF, ONLINE = OFF, ALLOW_ROW_LOCKS = ON, ALLOW_PAGE_LOCKS = ON) ON [PRIMARY]
GO
SET ANSI_PADDING ON
GO
/****** Object:  Index [IX_umbracoUserGroup_userGroupAlias]    Script Date: 03/09/2020 09:58:06 ******/
CREATE UNIQUE NONCLUSTERED INDEX [IX_umbracoUserGroup_userGroupAlias] ON [dbo].[umbracoUserGroup]
(
	[userGroupAlias] ASC
)WITH (PAD_INDEX = OFF, STATISTICS_NORECOMPUTE = OFF, SORT_IN_TEMPDB = OFF, IGNORE_DUP_KEY = OFF, DROP_EXISTING = OFF, ONLINE = OFF, ALLOW_ROW_LOCKS = ON, ALLOW_PAGE_LOCKS = ON) ON [PRIMARY]
GO
SET ANSI_PADDING ON
GO
/****** Object:  Index [IX_umbracoUserGroup_userGroupName]    Script Date: 03/09/2020 09:58:06 ******/
CREATE UNIQUE NONCLUSTERED INDEX [IX_umbracoUserGroup_userGroupName] ON [dbo].[umbracoUserGroup]
(
	[userGroupName] ASC
)WITH (PAD_INDEX = OFF, STATISTICS_NORECOMPUTE = OFF, SORT_IN_TEMPDB = OFF, IGNORE_DUP_KEY = OFF, DROP_EXISTING = OFF, ONLINE = OFF, ALLOW_ROW_LOCKS = ON, ALLOW_PAGE_LOCKS = ON) ON [PRIMARY]
GO
/****** Object:  Index [IX_umbracoUser2NodePermission_nodeId]    Script Date: 03/09/2020 09:58:06 ******/
CREATE NONCLUSTERED INDEX [IX_umbracoUser2NodePermission_nodeId] ON [dbo].[umbracoUserGroup2NodePermission]
(
	[nodeId] ASC
)WITH (PAD_INDEX = OFF, STATISTICS_NORECOMPUTE = OFF, SORT_IN_TEMPDB = OFF, DROP_EXISTING = OFF, ONLINE = OFF, ALLOW_ROW_LOCKS = ON, ALLOW_PAGE_LOCKS = ON) ON [PRIMARY]
GO
/****** Object:  Index [IX_umbracoUserStartNode_startNodeType]    Script Date: 03/09/2020 09:58:06 ******/
CREATE UNIQUE NONCLUSTERED INDEX [IX_umbracoUserStartNode_startNodeType] ON [dbo].[umbracoUserStartNode]
(
	[startNodeType] ASC,
	[startNode] ASC,
	[userId] ASC
)WITH (PAD_INDEX = OFF, STATISTICS_NORECOMPUTE = OFF, SORT_IN_TEMPDB = OFF, IGNORE_DUP_KEY = OFF, DROP_EXISTING = OFF, ONLINE = OFF, ALLOW_ROW_LOCKS = ON, ALLOW_PAGE_LOCKS = ON) ON [PRIMARY]
GO
ALTER TABLE [dbo].[cmsContentType] ADD  CONSTRAINT [DF_cmsContentType_thumbnail]  DEFAULT ('folder.png') FOR [thumbnail]
GO
ALTER TABLE [dbo].[cmsContentType] ADD  CONSTRAINT [DF_cmsContentType_isContainer]  DEFAULT ('0') FOR [isContainer]
GO
ALTER TABLE [dbo].[cmsContentType] ADD  CONSTRAINT [DF_cmsContentType_allowAtRoot]  DEFAULT ('0') FOR [allowAtRoot]
GO
ALTER TABLE [dbo].[cmsContentTypeAllowedContentType] ADD  CONSTRAINT [df_cmsContentTypeAllowedContentType_sortOrder]  DEFAULT ('0') FOR [SortOrder]
GO
ALTER TABLE [dbo].[cmsContentVersion] ADD  CONSTRAINT [DF_cmsContentVersion_VersionDate]  DEFAULT (getdate()) FOR [VersionDate]
GO
ALTER TABLE [dbo].[cmsDocument] ADD  CONSTRAINT [DF_cmsDocument_updateDate]  DEFAULT (getdate()) FOR [updateDate]
GO
ALTER TABLE [dbo].[cmsDocument] ADD  CONSTRAINT [DF_cmsDocument_newest]  DEFAULT ('0') FOR [newest]
GO
ALTER TABLE [dbo].[cmsDocumentType] ADD  CONSTRAINT [DF_cmsDocumentType_IsDefault]  DEFAULT ('0') FOR [IsDefault]
GO
ALTER TABLE [dbo].[cmsMacro] ADD  CONSTRAINT [DF_cmsMacro_macroUseInEditor]  DEFAULT ('0') FOR [macroUseInEditor]
GO
ALTER TABLE [dbo].[cmsMacro] ADD  CONSTRAINT [DF_cmsMacro_macroRefreshRate]  DEFAULT ('0') FOR [macroRefreshRate]
GO
ALTER TABLE [dbo].[cmsMacro] ADD  CONSTRAINT [DF_cmsMacro_macroCacheByPage]  DEFAULT ('1') FOR [macroCacheByPage]
GO
ALTER TABLE [dbo].[cmsMacro] ADD  CONSTRAINT [DF_cmsMacro_macroCachePersonalized]  DEFAULT ('0') FOR [macroCachePersonalized]
GO
ALTER TABLE [dbo].[cmsMacro] ADD  CONSTRAINT [DF_cmsMacro_macroDontRender]  DEFAULT ('0') FOR [macroDontRender]
GO
ALTER TABLE [dbo].[cmsMacroProperty] ADD  CONSTRAINT [DF_cmsMacroProperty_macroPropertySortOrder]  DEFAULT ('0') FOR [macroPropertySortOrder]
GO
ALTER TABLE [dbo].[cmsMember] ADD  CONSTRAINT [DF_cmsMember_Email]  DEFAULT ('''') FOR [Email]
GO
ALTER TABLE [dbo].[cmsMember] ADD  CONSTRAINT [DF_cmsMember_LoginName]  DEFAULT ('''') FOR [LoginName]
GO
ALTER TABLE [dbo].[cmsMember] ADD  CONSTRAINT [DF_cmsMember_Password]  DEFAULT ('''') FOR [Password]
GO
ALTER TABLE [dbo].[cmsMemberType] ADD  CONSTRAINT [DF_cmsMemberType_memberCanEdit]  DEFAULT ('0') FOR [memberCanEdit]
GO
ALTER TABLE [dbo].[cmsMemberType] ADD  CONSTRAINT [DF_cmsMemberType_viewOnProfile]  DEFAULT ('0') FOR [viewOnProfile]
GO
ALTER TABLE [dbo].[cmsMemberType] ADD  CONSTRAINT [DF_cmsMemberType_isSensitive]  DEFAULT ('0') FOR [isSensitive]
GO
ALTER TABLE [dbo].[cmsPropertyType] ADD  CONSTRAINT [DF_cmsPropertyType_sortOrder]  DEFAULT ('0') FOR [sortOrder]
GO
ALTER TABLE [dbo].[cmsPropertyType] ADD  CONSTRAINT [DF_cmsPropertyType_mandatory]  DEFAULT ('0') FOR [mandatory]
GO
ALTER TABLE [dbo].[cmsPropertyType] ADD  CONSTRAINT [DF_cmsPropertyType_UniqueID]  DEFAULT (newid()) FOR [UniqueID]
GO
ALTER TABLE [dbo].[cmsPropertyTypeGroup] ADD  CONSTRAINT [DF_cmsPropertyTypeGroup_uniqueID]  DEFAULT (newid()) FOR [uniqueID]
GO
ALTER TABLE [dbo].[cmsTask] ADD  CONSTRAINT [DF_cmsTask_closed]  DEFAULT ('0') FOR [closed]
GO
ALTER TABLE [dbo].[cmsTask] ADD  CONSTRAINT [DF_cmsTask_DateTime]  DEFAULT (getdate()) FOR [DateTime]
GO
ALTER TABLE [dbo].[umbracoAccess] ADD  CONSTRAINT [DF_umbracoAccess_createDate]  DEFAULT (getdate()) FOR [createDate]
GO
ALTER TABLE [dbo].[umbracoAccess] ADD  CONSTRAINT [DF_umbracoAccess_updateDate]  DEFAULT (getdate()) FOR [updateDate]
GO
ALTER TABLE [dbo].[umbracoAccessRule] ADD  CONSTRAINT [DF_umbracoAccessRule_createDate]  DEFAULT (getdate()) FOR [createDate]
GO
ALTER TABLE [dbo].[umbracoAccessRule] ADD  CONSTRAINT [DF_umbracoAccessRule_updateDate]  DEFAULT (getdate()) FOR [updateDate]
GO
ALTER TABLE [dbo].[umbracoAudit] ADD  CONSTRAINT [DF_umbracoAudit_eventDateUtc]  DEFAULT (getdate()) FOR [eventDateUtc]
GO
ALTER TABLE [dbo].[umbracoCacheInstruction] ADD  CONSTRAINT [DF_umbracoCacheInstruction_instructionCount]  DEFAULT ('1') FOR [instructionCount]
GO
ALTER TABLE [dbo].[umbracoConsent] ADD  CONSTRAINT [DF_umbracoConsent_createDate]  DEFAULT (getdate()) FOR [createDate]
GO
ALTER TABLE [dbo].[umbracoExternalLogin] ADD  CONSTRAINT [DF_umbracoExternalLogin_createDate]  DEFAULT (getdate()) FOR [createDate]
GO
ALTER TABLE [dbo].[umbracoLog] ADD  CONSTRAINT [DF_umbracoLog_Datestamp]  DEFAULT (getdate()) FOR [Datestamp]
GO
ALTER TABLE [dbo].[umbracoMigration] ADD  CONSTRAINT [DF_umbracoMigration_createDate]  DEFAULT (getdate()) FOR [createDate]
GO
ALTER TABLE [dbo].[umbracoNode] ADD  CONSTRAINT [DF_umbracoNode_trashed]  DEFAULT ('0') FOR [trashed]
GO
ALTER TABLE [dbo].[umbracoNode] ADD  CONSTRAINT [DF_umbracoNode_uniqueID]  DEFAULT (newid()) FOR [uniqueID]
GO
ALTER TABLE [dbo].[umbracoNode] ADD  CONSTRAINT [DF_umbracoNode_createDate]  DEFAULT (getdate()) FOR [createDate]
GO
ALTER TABLE [dbo].[umbracoRelation] ADD  CONSTRAINT [DF_umbracoRelation_datetime]  DEFAULT (getdate()) FOR [datetime]
GO
ALTER TABLE [dbo].[umbracoServer] ADD  CONSTRAINT [DF_umbracoServer_registeredDate]  DEFAULT (getdate()) FOR [registeredDate]
GO
ALTER TABLE [dbo].[umbracoUser] ADD  CONSTRAINT [DF_umbracoUser_userDisabled]  DEFAULT ('0') FOR [userDisabled]
GO
ALTER TABLE [dbo].[umbracoUser] ADD  CONSTRAINT [DF_umbracoUser_userNoConsole]  DEFAULT ('0') FOR [userNoConsole]
GO
ALTER TABLE [dbo].[umbracoUser] ADD  CONSTRAINT [DF_umbracoUser_createDate]  DEFAULT (getdate()) FOR [createDate]
GO
ALTER TABLE [dbo].[umbracoUser] ADD  CONSTRAINT [DF_umbracoUser_updateDate]  DEFAULT (getdate()) FOR [updateDate]
GO
ALTER TABLE [dbo].[umbracoUserGroup] ADD  CONSTRAINT [DF_umbracoUserGroup_createDate]  DEFAULT (getdate()) FOR [createDate]
GO
ALTER TABLE [dbo].[umbracoUserGroup] ADD  CONSTRAINT [DF_umbracoUserGroup_updateDate]  DEFAULT (getdate()) FOR [updateDate]
GO
ALTER TABLE [dbo].[cmsContent]  WITH CHECK ADD  CONSTRAINT [FK_cmsContent_cmsContentType_nodeId] FOREIGN KEY([contentType])
REFERENCES [dbo].[cmsContentType] ([nodeId])
GO
ALTER TABLE [dbo].[cmsContent] CHECK CONSTRAINT [FK_cmsContent_cmsContentType_nodeId]
GO
ALTER TABLE [dbo].[cmsContent]  WITH CHECK ADD  CONSTRAINT [FK_cmsContent_umbracoNode_id] FOREIGN KEY([nodeId])
REFERENCES [dbo].[umbracoNode] ([id])
GO
ALTER TABLE [dbo].[cmsContent] CHECK CONSTRAINT [FK_cmsContent_umbracoNode_id]
GO
ALTER TABLE [dbo].[cmsContentType]  WITH CHECK ADD  CONSTRAINT [FK_cmsContentType_umbracoNode_id] FOREIGN KEY([nodeId])
REFERENCES [dbo].[umbracoNode] ([id])
GO
ALTER TABLE [dbo].[cmsContentType] CHECK CONSTRAINT [FK_cmsContentType_umbracoNode_id]
GO
ALTER TABLE [dbo].[cmsContentType2ContentType]  WITH CHECK ADD  CONSTRAINT [FK_cmsContentType2ContentType_umbracoNode_child] FOREIGN KEY([childContentTypeId])
REFERENCES [dbo].[umbracoNode] ([id])
GO
ALTER TABLE [dbo].[cmsContentType2ContentType] CHECK CONSTRAINT [FK_cmsContentType2ContentType_umbracoNode_child]
GO
ALTER TABLE [dbo].[cmsContentType2ContentType]  WITH CHECK ADD  CONSTRAINT [FK_cmsContentType2ContentType_umbracoNode_parent] FOREIGN KEY([parentContentTypeId])
REFERENCES [dbo].[umbracoNode] ([id])
GO
ALTER TABLE [dbo].[cmsContentType2ContentType] CHECK CONSTRAINT [FK_cmsContentType2ContentType_umbracoNode_parent]
GO
ALTER TABLE [dbo].[cmsContentTypeAllowedContentType]  WITH CHECK ADD  CONSTRAINT [FK_cmsContentTypeAllowedContentType_cmsContentType] FOREIGN KEY([Id])
REFERENCES [dbo].[cmsContentType] ([nodeId])
GO
ALTER TABLE [dbo].[cmsContentTypeAllowedContentType] CHECK CONSTRAINT [FK_cmsContentTypeAllowedContentType_cmsContentType]
GO
ALTER TABLE [dbo].[cmsContentTypeAllowedContentType]  WITH CHECK ADD  CONSTRAINT [FK_cmsContentTypeAllowedContentType_cmsContentType1] FOREIGN KEY([AllowedId])
REFERENCES [dbo].[cmsContentType] ([nodeId])
GO
ALTER TABLE [dbo].[cmsContentTypeAllowedContentType] CHECK CONSTRAINT [FK_cmsContentTypeAllowedContentType_cmsContentType1]
GO
ALTER TABLE [dbo].[cmsContentVersion]  WITH CHECK ADD  CONSTRAINT [FK_cmsContentVersion_cmsContent_nodeId] FOREIGN KEY([ContentId])
REFERENCES [dbo].[cmsContent] ([nodeId])
GO
ALTER TABLE [dbo].[cmsContentVersion] CHECK CONSTRAINT [FK_cmsContentVersion_cmsContent_nodeId]
GO
ALTER TABLE [dbo].[cmsContentXml]  WITH CHECK ADD  CONSTRAINT [FK_cmsContentXml_cmsContent_nodeId] FOREIGN KEY([nodeId])
REFERENCES [dbo].[cmsContent] ([nodeId])
GO
ALTER TABLE [dbo].[cmsContentXml] CHECK CONSTRAINT [FK_cmsContentXml_cmsContent_nodeId]
GO
ALTER TABLE [dbo].[cmsDataType]  WITH CHECK ADD  CONSTRAINT [FK_cmsDataType_umbracoNode_id] FOREIGN KEY([nodeId])
REFERENCES [dbo].[umbracoNode] ([id])
GO
ALTER TABLE [dbo].[cmsDataType] CHECK CONSTRAINT [FK_cmsDataType_umbracoNode_id]
GO
ALTER TABLE [dbo].[cmsDataTypePreValues]  WITH CHECK ADD  CONSTRAINT [FK_cmsDataTypePreValues_cmsDataType_nodeId] FOREIGN KEY([datatypeNodeId])
REFERENCES [dbo].[cmsDataType] ([nodeId])
GO
ALTER TABLE [dbo].[cmsDataTypePreValues] CHECK CONSTRAINT [FK_cmsDataTypePreValues_cmsDataType_nodeId]
GO
ALTER TABLE [dbo].[cmsDictionary]  WITH CHECK ADD  CONSTRAINT [FK_cmsDictionary_cmsDictionary_id] FOREIGN KEY([parent])
REFERENCES [dbo].[cmsDictionary] ([id])
GO
ALTER TABLE [dbo].[cmsDictionary] CHECK CONSTRAINT [FK_cmsDictionary_cmsDictionary_id]
GO
ALTER TABLE [dbo].[cmsDocument]  WITH CHECK ADD  CONSTRAINT [FK_cmsDocument_cmsContent_nodeId] FOREIGN KEY([nodeId])
REFERENCES [dbo].[cmsContent] ([nodeId])
GO
ALTER TABLE [dbo].[cmsDocument] CHECK CONSTRAINT [FK_cmsDocument_cmsContent_nodeId]
GO
ALTER TABLE [dbo].[cmsDocument]  WITH CHECK ADD  CONSTRAINT [FK_cmsDocument_cmsTemplate_nodeId] FOREIGN KEY([templateId])
REFERENCES [dbo].[cmsTemplate] ([nodeId])
GO
ALTER TABLE [dbo].[cmsDocument] CHECK CONSTRAINT [FK_cmsDocument_cmsTemplate_nodeId]
GO
ALTER TABLE [dbo].[cmsDocument]  WITH CHECK ADD  CONSTRAINT [FK_cmsDocument_umbracoNode_id] FOREIGN KEY([nodeId])
REFERENCES [dbo].[umbracoNode] ([id])
GO
ALTER TABLE [dbo].[cmsDocument] CHECK CONSTRAINT [FK_cmsDocument_umbracoNode_id]
GO
ALTER TABLE [dbo].[cmsDocumentType]  WITH CHECK ADD  CONSTRAINT [FK_cmsDocumentType_cmsContentType_nodeId] FOREIGN KEY([contentTypeNodeId])
REFERENCES [dbo].[cmsContentType] ([nodeId])
GO
ALTER TABLE [dbo].[cmsDocumentType] CHECK CONSTRAINT [FK_cmsDocumentType_cmsContentType_nodeId]
GO
ALTER TABLE [dbo].[cmsDocumentType]  WITH CHECK ADD  CONSTRAINT [FK_cmsDocumentType_cmsTemplate_nodeId] FOREIGN KEY([templateNodeId])
REFERENCES [dbo].[cmsTemplate] ([nodeId])
GO
ALTER TABLE [dbo].[cmsDocumentType] CHECK CONSTRAINT [FK_cmsDocumentType_cmsTemplate_nodeId]
GO
ALTER TABLE [dbo].[cmsDocumentType]  WITH CHECK ADD  CONSTRAINT [FK_cmsDocumentType_umbracoNode_id] FOREIGN KEY([contentTypeNodeId])
REFERENCES [dbo].[umbracoNode] ([id])
GO
ALTER TABLE [dbo].[cmsDocumentType] CHECK CONSTRAINT [FK_cmsDocumentType_umbracoNode_id]
GO
ALTER TABLE [dbo].[cmsLanguageText]  WITH CHECK ADD  CONSTRAINT [FK_cmsLanguageText_cmsDictionary_id] FOREIGN KEY([UniqueId])
REFERENCES [dbo].[cmsDictionary] ([id])
GO
ALTER TABLE [dbo].[cmsLanguageText] CHECK CONSTRAINT [FK_cmsLanguageText_cmsDictionary_id]
GO
ALTER TABLE [dbo].[cmsLanguageText]  WITH CHECK ADD  CONSTRAINT [FK_cmsLanguageText_umbracoLanguage_id] FOREIGN KEY([languageId])
REFERENCES [dbo].[umbracoLanguage] ([id])
GO
ALTER TABLE [dbo].[cmsLanguageText] CHECK CONSTRAINT [FK_cmsLanguageText_umbracoLanguage_id]
GO
ALTER TABLE [dbo].[cmsMacroProperty]  WITH CHECK ADD  CONSTRAINT [FK_cmsMacroProperty_cmsMacro_id] FOREIGN KEY([macro])
REFERENCES [dbo].[cmsMacro] ([id])
GO
ALTER TABLE [dbo].[cmsMacroProperty] CHECK CONSTRAINT [FK_cmsMacroProperty_cmsMacro_id]
GO
ALTER TABLE [dbo].[cmsMedia]  WITH CHECK ADD  CONSTRAINT [FK_cmsMedia_cmsContent_nodeId] FOREIGN KEY([nodeId])
REFERENCES [dbo].[cmsContent] ([nodeId])
GO
ALTER TABLE [dbo].[cmsMedia] CHECK CONSTRAINT [FK_cmsMedia_cmsContent_nodeId]
GO
ALTER TABLE [dbo].[cmsMedia]  WITH CHECK ADD  CONSTRAINT [FK_cmsMedia_umbracoNode_id] FOREIGN KEY([nodeId])
REFERENCES [dbo].[umbracoNode] ([id])
GO
ALTER TABLE [dbo].[cmsMedia] CHECK CONSTRAINT [FK_cmsMedia_umbracoNode_id]
GO
ALTER TABLE [dbo].[cmsMember]  WITH CHECK ADD  CONSTRAINT [FK_cmsMember_cmsContent_nodeId] FOREIGN KEY([nodeId])
REFERENCES [dbo].[cmsContent] ([nodeId])
GO
ALTER TABLE [dbo].[cmsMember] CHECK CONSTRAINT [FK_cmsMember_cmsContent_nodeId]
GO
ALTER TABLE [dbo].[cmsMember]  WITH CHECK ADD  CONSTRAINT [FK_cmsMember_umbracoNode_id] FOREIGN KEY([nodeId])
REFERENCES [dbo].[umbracoNode] ([id])
GO
ALTER TABLE [dbo].[cmsMember] CHECK CONSTRAINT [FK_cmsMember_umbracoNode_id]
GO
ALTER TABLE [dbo].[cmsMember2MemberGroup]  WITH CHECK ADD  CONSTRAINT [FK_cmsMember2MemberGroup_cmsMember_nodeId] FOREIGN KEY([Member])
REFERENCES [dbo].[cmsMember] ([nodeId])
GO
ALTER TABLE [dbo].[cmsMember2MemberGroup] CHECK CONSTRAINT [FK_cmsMember2MemberGroup_cmsMember_nodeId]
GO
ALTER TABLE [dbo].[cmsMember2MemberGroup]  WITH CHECK ADD  CONSTRAINT [FK_cmsMember2MemberGroup_umbracoNode_id] FOREIGN KEY([MemberGroup])
REFERENCES [dbo].[umbracoNode] ([id])
GO
ALTER TABLE [dbo].[cmsMember2MemberGroup] CHECK CONSTRAINT [FK_cmsMember2MemberGroup_umbracoNode_id]
GO
ALTER TABLE [dbo].[cmsMemberType]  WITH CHECK ADD  CONSTRAINT [FK_cmsMemberType_cmsContentType_nodeId] FOREIGN KEY([NodeId])
REFERENCES [dbo].[cmsContentType] ([nodeId])
GO
ALTER TABLE [dbo].[cmsMemberType] CHECK CONSTRAINT [FK_cmsMemberType_cmsContentType_nodeId]
GO
ALTER TABLE [dbo].[cmsMemberType]  WITH CHECK ADD  CONSTRAINT [FK_cmsMemberType_umbracoNode_id] FOREIGN KEY([NodeId])
REFERENCES [dbo].[umbracoNode] ([id])
GO
ALTER TABLE [dbo].[cmsMemberType] CHECK CONSTRAINT [FK_cmsMemberType_umbracoNode_id]
GO
ALTER TABLE [dbo].[cmsPreviewXml]  WITH CHECK ADD  CONSTRAINT [FK_cmsPreviewXml_cmsContent_nodeId] FOREIGN KEY([nodeId])
REFERENCES [dbo].[cmsContent] ([nodeId])
GO
ALTER TABLE [dbo].[cmsPreviewXml] CHECK CONSTRAINT [FK_cmsPreviewXml_cmsContent_nodeId]
GO
ALTER TABLE [dbo].[cmsPreviewXml]  WITH CHECK ADD  CONSTRAINT [FK_cmsPreviewXml_cmsContentVersion_VersionId] FOREIGN KEY([versionId])
REFERENCES [dbo].[cmsContentVersion] ([VersionId])
GO
ALTER TABLE [dbo].[cmsPreviewXml] CHECK CONSTRAINT [FK_cmsPreviewXml_cmsContentVersion_VersionId]
GO
ALTER TABLE [dbo].[cmsPropertyData]  WITH CHECK ADD  CONSTRAINT [FK_cmsPropertyData_cmsPropertyType_id] FOREIGN KEY([propertytypeid])
REFERENCES [dbo].[cmsPropertyType] ([id])
GO
ALTER TABLE [dbo].[cmsPropertyData] CHECK CONSTRAINT [FK_cmsPropertyData_cmsPropertyType_id]
GO
ALTER TABLE [dbo].[cmsPropertyData]  WITH CHECK ADD  CONSTRAINT [FK_cmsPropertyData_umbracoNode_id] FOREIGN KEY([contentNodeId])
REFERENCES [dbo].[umbracoNode] ([id])
GO
ALTER TABLE [dbo].[cmsPropertyData] CHECK CONSTRAINT [FK_cmsPropertyData_umbracoNode_id]
GO
ALTER TABLE [dbo].[cmsPropertyType]  WITH CHECK ADD  CONSTRAINT [FK_cmsPropertyType_cmsContentType_nodeId] FOREIGN KEY([contentTypeId])
REFERENCES [dbo].[cmsContentType] ([nodeId])
GO
ALTER TABLE [dbo].[cmsPropertyType] CHECK CONSTRAINT [FK_cmsPropertyType_cmsContentType_nodeId]
GO
ALTER TABLE [dbo].[cmsPropertyType]  WITH CHECK ADD  CONSTRAINT [FK_cmsPropertyType_cmsDataType_nodeId] FOREIGN KEY([dataTypeId])
REFERENCES [dbo].[cmsDataType] ([nodeId])
GO
ALTER TABLE [dbo].[cmsPropertyType] CHECK CONSTRAINT [FK_cmsPropertyType_cmsDataType_nodeId]
GO
ALTER TABLE [dbo].[cmsPropertyType]  WITH CHECK ADD  CONSTRAINT [FK_cmsPropertyType_cmsPropertyTypeGroup_id] FOREIGN KEY([propertyTypeGroupId])
REFERENCES [dbo].[cmsPropertyTypeGroup] ([id])
GO
ALTER TABLE [dbo].[cmsPropertyType] CHECK CONSTRAINT [FK_cmsPropertyType_cmsPropertyTypeGroup_id]
GO
ALTER TABLE [dbo].[cmsPropertyTypeGroup]  WITH CHECK ADD  CONSTRAINT [FK_cmsPropertyTypeGroup_cmsContentType_nodeId] FOREIGN KEY([contenttypeNodeId])
REFERENCES [dbo].[cmsContentType] ([nodeId])
GO
ALTER TABLE [dbo].[cmsPropertyTypeGroup] CHECK CONSTRAINT [FK_cmsPropertyTypeGroup_cmsContentType_nodeId]
GO
ALTER TABLE [dbo].[cmsTagRelationship]  WITH CHECK ADD  CONSTRAINT [FK_cmsTagRelationship_cmsContent] FOREIGN KEY([nodeId])
REFERENCES [dbo].[cmsContent] ([nodeId])
GO
ALTER TABLE [dbo].[cmsTagRelationship] CHECK CONSTRAINT [FK_cmsTagRelationship_cmsContent]
GO
ALTER TABLE [dbo].[cmsTagRelationship]  WITH CHECK ADD  CONSTRAINT [FK_cmsTagRelationship_cmsPropertyType] FOREIGN KEY([propertyTypeId])
REFERENCES [dbo].[cmsPropertyType] ([id])
GO
ALTER TABLE [dbo].[cmsTagRelationship] CHECK CONSTRAINT [FK_cmsTagRelationship_cmsPropertyType]
GO
ALTER TABLE [dbo].[cmsTagRelationship]  WITH CHECK ADD  CONSTRAINT [FK_cmsTagRelationship_cmsTags_id] FOREIGN KEY([tagId])
REFERENCES [dbo].[cmsTags] ([id])
GO
ALTER TABLE [dbo].[cmsTagRelationship] CHECK CONSTRAINT [FK_cmsTagRelationship_cmsTags_id]
GO
ALTER TABLE [dbo].[cmsTags]  WITH CHECK ADD  CONSTRAINT [FK_cmsTags_cmsTags] FOREIGN KEY([ParentId])
REFERENCES [dbo].[cmsTags] ([id])
GO
ALTER TABLE [dbo].[cmsTags] CHECK CONSTRAINT [FK_cmsTags_cmsTags]
GO
ALTER TABLE [dbo].[cmsTask]  WITH CHECK ADD  CONSTRAINT [FK_cmsTask_cmsTaskType_id] FOREIGN KEY([taskTypeId])
REFERENCES [dbo].[cmsTaskType] ([id])
GO
ALTER TABLE [dbo].[cmsTask] CHECK CONSTRAINT [FK_cmsTask_cmsTaskType_id]
GO
ALTER TABLE [dbo].[cmsTask]  WITH CHECK ADD  CONSTRAINT [FK_cmsTask_umbracoNode_id] FOREIGN KEY([nodeId])
REFERENCES [dbo].[umbracoNode] ([id])
GO
ALTER TABLE [dbo].[cmsTask] CHECK CONSTRAINT [FK_cmsTask_umbracoNode_id]
GO
ALTER TABLE [dbo].[cmsTask]  WITH CHECK ADD  CONSTRAINT [FK_cmsTask_umbracoUser] FOREIGN KEY([parentUserId])
REFERENCES [dbo].[umbracoUser] ([id])
GO
ALTER TABLE [dbo].[cmsTask] CHECK CONSTRAINT [FK_cmsTask_umbracoUser]
GO
ALTER TABLE [dbo].[cmsTask]  WITH CHECK ADD  CONSTRAINT [FK_cmsTask_umbracoUser1] FOREIGN KEY([userId])
REFERENCES [dbo].[umbracoUser] ([id])
GO
ALTER TABLE [dbo].[cmsTask] CHECK CONSTRAINT [FK_cmsTask_umbracoUser1]
GO
ALTER TABLE [dbo].[cmsTemplate]  WITH CHECK ADD  CONSTRAINT [FK_cmsTemplate_umbracoNode] FOREIGN KEY([nodeId])
REFERENCES [dbo].[umbracoNode] ([id])
GO
ALTER TABLE [dbo].[cmsTemplate] CHECK CONSTRAINT [FK_cmsTemplate_umbracoNode]
GO
ALTER TABLE [dbo].[umbracoAccess]  WITH CHECK ADD  CONSTRAINT [FK_umbracoAccess_umbracoNode_id] FOREIGN KEY([nodeId])
REFERENCES [dbo].[umbracoNode] ([id])
GO
ALTER TABLE [dbo].[umbracoAccess] CHECK CONSTRAINT [FK_umbracoAccess_umbracoNode_id]
GO
ALTER TABLE [dbo].[umbracoAccess]  WITH CHECK ADD  CONSTRAINT [FK_umbracoAccess_umbracoNode_id1] FOREIGN KEY([loginNodeId])
REFERENCES [dbo].[umbracoNode] ([id])
GO
ALTER TABLE [dbo].[umbracoAccess] CHECK CONSTRAINT [FK_umbracoAccess_umbracoNode_id1]
GO
ALTER TABLE [dbo].[umbracoAccess]  WITH CHECK ADD  CONSTRAINT [FK_umbracoAccess_umbracoNode_id2] FOREIGN KEY([noAccessNodeId])
REFERENCES [dbo].[umbracoNode] ([id])
GO
ALTER TABLE [dbo].[umbracoAccess] CHECK CONSTRAINT [FK_umbracoAccess_umbracoNode_id2]
GO
ALTER TABLE [dbo].[umbracoAccessRule]  WITH CHECK ADD  CONSTRAINT [FK_umbracoAccessRule_umbracoAccess_id] FOREIGN KEY([accessId])
REFERENCES [dbo].[umbracoAccess] ([id])
GO
ALTER TABLE [dbo].[umbracoAccessRule] CHECK CONSTRAINT [FK_umbracoAccessRule_umbracoAccess_id]
GO
ALTER TABLE [dbo].[umbracoDomains]  WITH CHECK ADD  CONSTRAINT [FK_umbracoDomains_umbracoNode_id] FOREIGN KEY([domainRootStructureID])
REFERENCES [dbo].[umbracoNode] ([id])
GO
ALTER TABLE [dbo].[umbracoDomains] CHECK CONSTRAINT [FK_umbracoDomains_umbracoNode_id]
GO
ALTER TABLE [dbo].[umbracoNode]  WITH CHECK ADD  CONSTRAINT [FK_umbracoNode_umbracoNode_id] FOREIGN KEY([parentID])
REFERENCES [dbo].[umbracoNode] ([id])
GO
ALTER TABLE [dbo].[umbracoNode] CHECK CONSTRAINT [FK_umbracoNode_umbracoNode_id]
GO
ALTER TABLE [dbo].[umbracoRedirectUrl]  WITH CHECK ADD  CONSTRAINT [FK_umbracoRedirectUrl_umbracoNode_uniqueID] FOREIGN KEY([contentKey])
REFERENCES [dbo].[umbracoNode] ([uniqueID])
GO
ALTER TABLE [dbo].[umbracoRedirectUrl] CHECK CONSTRAINT [FK_umbracoRedirectUrl_umbracoNode_uniqueID]
GO
ALTER TABLE [dbo].[umbracoRelation]  WITH CHECK ADD  CONSTRAINT [FK_umbracoRelation_umbracoNode] FOREIGN KEY([parentId])
REFERENCES [dbo].[umbracoNode] ([id])
GO
ALTER TABLE [dbo].[umbracoRelation] CHECK CONSTRAINT [FK_umbracoRelation_umbracoNode]
GO
ALTER TABLE [dbo].[umbracoRelation]  WITH CHECK ADD  CONSTRAINT [FK_umbracoRelation_umbracoNode1] FOREIGN KEY([childId])
REFERENCES [dbo].[umbracoNode] ([id])
GO
ALTER TABLE [dbo].[umbracoRelation] CHECK CONSTRAINT [FK_umbracoRelation_umbracoNode1]
GO
ALTER TABLE [dbo].[umbracoRelation]  WITH CHECK ADD  CONSTRAINT [FK_umbracoRelation_umbracoRelationType_id] FOREIGN KEY([relType])
REFERENCES [dbo].[umbracoRelationType] ([id])
GO
ALTER TABLE [dbo].[umbracoRelation] CHECK CONSTRAINT [FK_umbracoRelation_umbracoRelationType_id]
GO
ALTER TABLE [dbo].[umbracoUser2NodeNotify]  WITH CHECK ADD  CONSTRAINT [FK_umbracoUser2NodeNotify_umbracoNode_id] FOREIGN KEY([nodeId])
REFERENCES [dbo].[umbracoNode] ([id])
GO
ALTER TABLE [dbo].[umbracoUser2NodeNotify] CHECK CONSTRAINT [FK_umbracoUser2NodeNotify_umbracoNode_id]
GO
ALTER TABLE [dbo].[umbracoUser2NodeNotify]  WITH CHECK ADD  CONSTRAINT [FK_umbracoUser2NodeNotify_umbracoUser_id] FOREIGN KEY([userId])
REFERENCES [dbo].[umbracoUser] ([id])
GO
ALTER TABLE [dbo].[umbracoUser2NodeNotify] CHECK CONSTRAINT [FK_umbracoUser2NodeNotify_umbracoUser_id]
GO
ALTER TABLE [dbo].[umbracoUser2UserGroup]  WITH CHECK ADD  CONSTRAINT [FK_umbracoUser2UserGroup_umbracoUser_id] FOREIGN KEY([userId])
REFERENCES [dbo].[umbracoUser] ([id])
GO
ALTER TABLE [dbo].[umbracoUser2UserGroup] CHECK CONSTRAINT [FK_umbracoUser2UserGroup_umbracoUser_id]
GO
ALTER TABLE [dbo].[umbracoUser2UserGroup]  WITH CHECK ADD  CONSTRAINT [FK_umbracoUser2UserGroup_umbracoUserGroup_id] FOREIGN KEY([userGroupId])
REFERENCES [dbo].[umbracoUserGroup] ([id])
GO
ALTER TABLE [dbo].[umbracoUser2UserGroup] CHECK CONSTRAINT [FK_umbracoUser2UserGroup_umbracoUserGroup_id]
GO
ALTER TABLE [dbo].[umbracoUserGroup]  WITH CHECK ADD  CONSTRAINT [FK_startContentId_umbracoNode_id] FOREIGN KEY([startContentId])
REFERENCES [dbo].[umbracoNode] ([id])
GO
ALTER TABLE [dbo].[umbracoUserGroup] CHECK CONSTRAINT [FK_startContentId_umbracoNode_id]
GO
ALTER TABLE [dbo].[umbracoUserGroup]  WITH CHECK ADD  CONSTRAINT [FK_startMediaId_umbracoNode_id] FOREIGN KEY([startMediaId])
REFERENCES [dbo].[umbracoNode] ([id])
GO
ALTER TABLE [dbo].[umbracoUserGroup] CHECK CONSTRAINT [FK_startMediaId_umbracoNode_id]
GO
ALTER TABLE [dbo].[umbracoUserGroup2App]  WITH CHECK ADD  CONSTRAINT [FK_umbracoUserGroup2App_umbracoUserGroup_id] FOREIGN KEY([userGroupId])
REFERENCES [dbo].[umbracoUserGroup] ([id])
GO
ALTER TABLE [dbo].[umbracoUserGroup2App] CHECK CONSTRAINT [FK_umbracoUserGroup2App_umbracoUserGroup_id]
GO
ALTER TABLE [dbo].[umbracoUserGroup2NodePermission]  WITH CHECK ADD  CONSTRAINT [FK_umbracoUserGroup2NodePermission_umbracoNode_id] FOREIGN KEY([nodeId])
REFERENCES [dbo].[umbracoNode] ([id])
GO
ALTER TABLE [dbo].[umbracoUserGroup2NodePermission] CHECK CONSTRAINT [FK_umbracoUserGroup2NodePermission_umbracoNode_id]
GO
ALTER TABLE [dbo].[umbracoUserGroup2NodePermission]  WITH CHECK ADD  CONSTRAINT [FK_umbracoUserGroup2NodePermission_umbracoUserGroup_id] FOREIGN KEY([userGroupId])
REFERENCES [dbo].[umbracoUserGroup] ([id])
GO
ALTER TABLE [dbo].[umbracoUserGroup2NodePermission] CHECK CONSTRAINT [FK_umbracoUserGroup2NodePermission_umbracoUserGroup_id]
GO
ALTER TABLE [dbo].[umbracoUserLogin]  WITH CHECK ADD  CONSTRAINT [FK_umbracoUserLogin_umbracoUser_id] FOREIGN KEY([userId])
REFERENCES [dbo].[umbracoUser] ([id])
GO
ALTER TABLE [dbo].[umbracoUserLogin] CHECK CONSTRAINT [FK_umbracoUserLogin_umbracoUser_id]
GO
ALTER TABLE [dbo].[umbracoUserStartNode]  WITH CHECK ADD  CONSTRAINT [FK_umbracoUserStartNode_umbracoNode_id] FOREIGN KEY([startNode])
REFERENCES [dbo].[umbracoNode] ([id])
GO
ALTER TABLE [dbo].[umbracoUserStartNode] CHECK CONSTRAINT [FK_umbracoUserStartNode_umbracoNode_id]
GO
ALTER TABLE [dbo].[umbracoUserStartNode]  WITH CHECK ADD  CONSTRAINT [FK_umbracoUserStartNode_umbracoUser_id] FOREIGN KEY([userId])
REFERENCES [dbo].[umbracoUser] ([id])
GO
ALTER TABLE [dbo].[umbracoUserStartNode] CHECK CONSTRAINT [FK_umbracoUserStartNode_umbracoUser_id]
GO
USE [master]
GO
ALTER DATABASE [WeatherApplication] SET  READ_WRITE 
GO
